Tag;Differenz
01.01.2010;278449
02.01.2010;-7856455
03.01.2010;-11101601
04.01.2010;-20792843
05.01.2010;-26351829
06.01.2010;-19747486
07.01.2010;1660250
08.01.2010;-3053754
09.01.2010;-18495263
10.01.2010;-21808536
11.01.2010;3242597
12.01.2010;10785054
13.01.2010;-23407457
14.01.2010;-18229789
15.01.2010;-23150829
16.01.2010;-12953980
17.01.2010;-20614284
18.01.2010;-20138331
19.01.2010;-13755830
20.01.2010;-20710985
21.01.2010;-18518602
22.01.2010;-26112439
23.01.2010;-19838162
24.01.2010;-19756429
25.01.2010;-6577951
26.01.2010;9486755
27.01.2010;1361463
28.01.2010;-13993956
29.01.2010;-20451027
30.01.2010;-33501828
31.01.2010;-15988682
01.02.2010;-6533302
02.02.2010;-14399542
03.02.2010;-15720519
04.02.2010;-11829479
05.02.2010;-16190646
06.02.2010;-14223040
07.02.2010;-14707984
08.02.2010;-10951551
09.02.2010;-2270844
10.02.2010;-6653778
11.02.2010;-3876079
12.02.2010;-8327318
13.02.2010;-28617278
14.02.2010;-33168171
15.02.2010;-12191501
16.02.2010;-16082792
17.02.2010;-14751169
18.02.2010;-31855308
19.02.2010;-27812152
20.02.2010;-28075408
21.02.2010;-25671126
22.02.2010;-25569971
23.02.2010;-30202400
24.02.2010;-22264772
25.02.2010;-23194018
26.02.2010;-19101765
27.02.2010;-12219191
28.02.2010;-10308353
01.03.2010;-11633223
02.03.2010;-23722963
03.03.2010;-15449644
04.03.2010;-20536234
05.03.2010;-27853254
06.03.2010;-19059538
07.03.2010;-21894746
08.03.2010;-6123607
09.03.2010;-13256337
10.03.2010;493532
11.03.2010;-18836092
12.03.2010;-29200175
13.03.2010;-35140516
14.03.2010;-26833855
15.03.2010;-24110780
16.03.2010;-31050696
17.03.2010;-35821926
18.03.2010;-34549051
19.03.2010;-33818604
20.03.2010;-19266307
21.03.2010;-9780875
22.03.2010;-21970224
23.03.2010;-25833187
24.03.2010;-25096962
25.03.2010;-15021714
26.03.2010;-14619974
27.03.2010;-11688447
28.03.2010;-3030709
29.03.2010;-14978868
30.03.2010;-21080437
31.03.2010;-4596636
01.04.2010;-7964752
02.04.2010;4662984
03.04.2010;-7252556
04.04.2010;3222053
05.04.2010;263441
06.04.2010;-9480844
07.04.2010;-9278681
08.04.2010;-12078524
09.04.2010;-14701699
10.04.2010;-8726480
11.04.2010;250922
12.04.2010;-6644807
13.04.2010;-9936066
14.04.2010;-16430522
15.04.2010;-14163199
16.04.2010;-24324948
17.04.2010;-11700196
18.04.2010;-1427403
19.04.2010;-15762752
20.04.2010;-23217105
21.04.2010;-12844462
22.04.2010;-14109202
23.04.2010;-11770480
24.04.2010;5372159
25.04.2010;19287504
26.04.2010;2887909
27.04.2010;9088343
28.04.2010;18655170
29.04.2010;20197086
30.04.2010;20027389
01.05.2010;31661425
02.05.2010;51683204
03.05.2010;39454563
04.05.2010;37393222
05.05.2010;44377131
06.05.2010;38812662
07.05.2010;32813261
08.05.2010;36607277
09.05.2010;40783249
10.05.2010;32157034
11.05.2010;25228551
12.05.2010;33361067
13.05.2010;47950420
14.05.2010;41981143
15.05.2010;34998952
16.05.2010;42019100
17.05.2010;26025842
18.05.2010;23640802
19.05.2010;7453061
20.05.2010;20560790
21.05.2010;12127916
22.05.2010;24722805
23.05.2010;39397646
24.05.2010;42156849
25.05.2010;30647581
26.05.2010;27635678
27.05.2010;38035110
28.05.2010;22769738
29.05.2010;25959176
30.05.2010;30744186
31.05.2010;17687437
01.06.2010;19858018
02.06.2010;17991105
03.06.2010;16731566
04.06.2010;22813417
05.06.2010;34264897
06.06.2010;45356461
07.06.2010;41654827
08.06.2010;47681940
09.06.2010;55808636
10.06.2010;60346282
11.06.2010;51996855
12.06.2010;60481964
13.06.2010;67710945
14.06.2010;54656805
15.06.2010;48109967
16.06.2010;51784359
17.06.2010;50415394
18.06.2010;48178686
19.06.2010;51117103
20.06.2010;57881018
21.06.2010;52948840
22.06.2010;37963338
23.06.2010;40426533
24.06.2010;53682324
25.06.2010;48112703
26.06.2010;54411830
27.06.2010;61521283
28.06.2010;62853039
29.06.2010;61212958
30.06.2010;62345958
01.07.2010;66064767
02.07.2010;62582850
03.07.2010;64724745
04.07.2010;73347325
05.07.2010;63255765
06.07.2010;53820850
07.07.2010;66568478
08.07.2010;70456930
09.07.2010;70408927
10.07.2010;61415612
11.07.2010;70283368
12.07.2010;63220973
13.07.2010;66108690
14.07.2010;50006641
15.07.2010;49006974
16.07.2010;48117799
17.07.2010;56722417
18.07.2010;63345815
19.07.2010;63848114
20.07.2010;72343252
21.07.2010;64662401
22.07.2010;66025487
23.07.2010;76420646
24.07.2010;71101450
25.07.2010;70588895
26.07.2010;67335089
27.07.2010;61217012
28.07.2010;63366403
29.07.2010;63415266
30.07.2010;59409165
31.07.2010;50863251
01.08.2010;40734407
02.08.2010;44748543
03.08.2010;34495593
04.08.2010;33357588
05.08.2010;44311794
06.08.2010;44702081
07.08.2010;38474300
08.08.2010;34686993
09.08.2010;31729838
10.08.2010;26787814
11.08.2010;33807729
12.08.2010;43542014
13.08.2010;34934090
14.08.2010;34456496
15.08.2010;44236173
16.08.2010;39128260
17.08.2010;29428871
18.08.2010;16575114
19.08.2010;15309042
20.08.2010;22015059
21.08.2010;17171689
22.08.2010;15025497
23.08.2010;13950271
24.08.2010;9389396
25.08.2010;14848052
26.08.2010;33281907
27.08.2010;20688034
28.08.2010;15212900
29.08.2010;15784597
30.08.2010;6894808
31.08.2010;-1247545
01.09.2010;-5318582
02.09.2010;-5294021
03.09.2010;-1017366
04.09.2010;-7550521
05.09.2010;-5146637
06.09.2010;-12616280
07.09.2010;-5758149
08.09.2010;7880515
09.09.2010;29315589
10.09.2010;7364001
11.09.2010;-4516860
12.09.2010;-1724704
13.09.2010;22957568
14.09.2010;2525815
15.09.2010;-6432426
16.09.2010;3012538
17.09.2010;4848370
18.09.2010;-4554831
19.09.2010;43590
20.09.2010;4549987
21.09.2010;3326414
22.09.2010;10676592
23.09.2010;18459759
24.09.2010;12315642
25.09.2010;15612741
26.09.2010;22366705
27.09.2010;23776802
28.09.2010;29759644
29.09.2010;16484286
30.09.2010;21424506
01.10.2010;8003192
02.10.2010;9314365
03.10.2010;14161653
04.10.2010;6751879
05.10.2010;14983685
06.10.2010;8122326
07.10.2010;14870619
08.10.2010;4981834
09.10.2010;13805375
10.10.2010;16453317
11.10.2010;1965032
12.10.2010;4966876
13.10.2010;6806344
14.10.2010;2335584
15.10.2010;12688647
16.10.2010;752108
17.10.2010;1167440
18.10.2010;17335252
19.10.2010;16524052
20.10.2010;19716255
21.10.2010;29282797
22.10.2010;12396203
23.10.2010;262297
24.10.2010;6383037
25.10.2010;23431476
26.10.2010;25766641
27.10.2010;12496604
28.10.2010;24319924
29.10.2010;-15904469
30.10.2010;-14312207
31.10.2010;-1879072
01.11.2010;-12118565
02.11.2010;-16568717
03.11.2010;-9056479
04.11.2010;-10662437
05.11.2010;-8436397
06.11.2010;-7448937
07.11.2010;-2268966
08.11.2010;-6180699
09.11.2010;-14547725
10.11.2010;-9755919
11.11.2010;-19610506
12.11.2010;-16278553
13.11.2010;5578061
14.11.2010;9047050
15.11.2010;5856638
16.11.2010;-1854794
17.11.2010;-3225368
18.11.2010;-4631089
19.11.2010;-8919720
20.11.2010;-11647938
21.11.2010;-5898694
22.11.2010;1915279
23.11.2010;-13240442
24.11.2010;365204
25.11.2010;928513
26.11.2010;5231080
27.11.2010;-6267607
28.11.2010;-8294414
29.11.2010;11249986
30.11.2010;7764635
01.12.2010;9022766
02.12.2010;19284255
03.12.2010;18222247
04.12.2010;-9552286
05.12.2010;-11114216
06.12.2010;17042876
07.12.2010;15115606
08.12.2010;4872043
09.12.2010;-4848546
10.12.2010;-1686797
11.12.2010;-5100667
12.12.2010;-12826822
13.12.2010;12612955
14.12.2010;8846606
15.12.2010;11593379
16.12.2010;-3684827
17.12.2010;3674056
18.12.2010;-6370365
19.12.2010;-24786228
20.12.2010;9109017
21.12.2010;9305288
22.12.2010;-26640015
23.12.2010;-25683909
24.12.2010;-15435287
25.12.2010;-14065597
26.12.2010;-15174116
27.12.2010;-1664174
28.12.2010;-28046814
29.12.2010;-32178570
30.12.2010;-34024793
31.12.2010;-29028420
01.01.2011;-24874996
02.01.2011;-29958778
03.01.2011;-25735787
04.01.2011;-25509142
05.01.2011;-33613440
06.01.2011;-42647690
07.01.2011;-41243986
08.01.2011;-28132260
09.01.2011;-20190250
10.01.2011;-12510725
11.01.2011;-14226797
12.01.2011;-24923072
13.01.2011;-21572619
14.01.2011;-26987170
15.01.2011;-3407450
16.01.2011;-10395495
17.01.2011;-13090594
18.01.2011;-13884157
19.01.2011;-11654522
20.01.2011;-10882337
21.01.2011;-8733763
22.01.2011;-13106659
23.01.2011;-15227530
24.01.2011;7130203
25.01.2011;-7306867
26.01.2011;-23681738
27.01.2011;-27446491
28.01.2011;-14517568
29.01.2011;-17853163
30.01.2011;-15969224
31.01.2011;17887944
01.02.2011;12134990
02.02.2011;-25785699
03.02.2011;-30140649
04.02.2011;-25750490
05.02.2011;-23526048
06.02.2011;-21304667
07.02.2011;-20108084
08.02.2011;-26756077
09.02.2011;-19867761
10.02.2011;-28466723
11.02.2011;-25609357
12.02.2011;-26360344
13.02.2011;-16374236
14.02.2011;-20335258
15.02.2011;-18509559
16.02.2011;-15614610
17.02.2011;-20574153
18.02.2011;-14057095
19.02.2011;-26235643
20.02.2011;-19067049
21.02.2011;-27714362
22.02.2011;-23071501
23.02.2011;-33327913
24.02.2011;-37379727
25.02.2011;-44343063
26.02.2011;-24070016
27.02.2011;-23781324
28.02.2011;-21915132
01.03.2011;-32830352
02.03.2011;-28492807
03.03.2011;-25705611
04.03.2011;-31837506
05.03.2011;-23233563
06.03.2011;-21544936
07.03.2011;-29175827
08.03.2011;-24532530
09.03.2011;-20086464
10.03.2011;-29302215
11.03.2011;-31020043
12.03.2011;-19787280
13.03.2011;-16206707
14.03.2011;-23852946
15.03.2011;-23426667
16.03.2011;-26917900
17.03.2011;-21875785
18.03.2011;-37493836
19.03.2011;-26662965
20.03.2011;-18421459
21.03.2011;-33053629
22.03.2011;-35577633
23.03.2011;-34346731
24.03.2011;-31455279
25.03.2011;-26408057
26.03.2011;-19267242
27.03.2011;-10943645
28.03.2011;-30409859
29.03.2011;-31455276
30.03.2011;-23610692
31.03.2011;-30060029
01.04.2011;-16749866
02.04.2011;-4480132
03.04.2011;9317682
04.04.2011;-13480353
05.04.2011;-13258063
06.04.2011;-7733112
07.04.2011;6789138
08.04.2011;-6605867
09.04.2011;16410001
10.04.2011;25381952
11.04.2011;6805538
12.04.2011;173421
13.04.2011;-4990827
14.04.2011;-1344919
15.04.2011;-5306899
16.04.2011;-1241293
17.04.2011;8346656
18.04.2011;-4998402
19.04.2011;-9555167
20.04.2011;-3424749
21.04.2011;-1898028
22.04.2011;21701579
23.04.2011;15119997
24.04.2011;21217439
25.04.2011;23341063
26.04.2011;4871089
27.04.2011;6935635
28.04.2011;-9762828
29.04.2011;-4127000
30.04.2011;4470672
01.05.2011;17173015
02.05.2011;-2497003
03.05.2011;3164707
04.05.2011;-1575225
05.05.2011;-5595756
06.05.2011;-8063310
07.05.2011;5126620
08.05.2011;18108273
09.05.2011;3545790
10.05.2011;18971387
11.05.2011;16537000
12.05.2011;22537295
13.05.2011;12628582
14.05.2011;35238570
15.05.2011;42089996
16.05.2011;17318152
17.05.2011;14560454
18.05.2011;19383357
19.05.2011;28365599
20.05.2011;15543596
21.05.2011;18261012
22.05.2011;24870705
23.05.2011;18668742
24.05.2011;12487122
25.05.2011;33185119
26.05.2011;22227598
27.05.2011;38258929
28.05.2011;51967087
29.05.2011;45292063
30.05.2011;32935315
31.05.2011;27343094
01.06.2011;34249373
02.06.2011;35683060
03.06.2011;30993286
04.06.2011;24870412
05.06.2011;24632788
06.06.2011;21394093
07.06.2011;16571452
08.06.2011;11918749
09.06.2011;-5467700
10.06.2011;11563703
11.06.2011;8211726
12.06.2011;11923057
13.06.2011;10246819
14.06.2011;9813956
15.06.2011;8689531
16.06.2011;7739341
17.06.2011;3154164
18.06.2011;37150981
19.06.2011;39342823
20.06.2011;34454912
21.06.2011;22518867
22.06.2011;24374664
23.06.2011;33863742
24.06.2011;26493153
25.06.2011;28375154
26.06.2011;31769050
27.06.2011;33114468
28.06.2011;20648827
29.06.2011;24265129
30.06.2011;17104250
01.07.2011;28458767
02.07.2011;30754274
03.07.2011;30416035
04.07.2011;30260892
05.07.2011;26327266
06.07.2011;13455098
07.07.2011;32357549
08.07.2011;26278554
09.07.2011;40883215
10.07.2011;51810832
11.07.2011;43998086
12.07.2011;32103923
13.07.2011;48109404
14.07.2011;52584978
15.07.2011;46992505
16.07.2011;52790051
17.07.2011;64317212
18.07.2011;70865530
19.07.2011;79117955
20.07.2011;77933699
21.07.2011;63417664
22.07.2011;59890804
23.07.2011;54880519
24.07.2011;52168193
25.07.2011;63248937
26.07.2011;51532063
27.07.2011;47022288
28.07.2011;53156049
29.07.2011;42440680
30.07.2011;46000950
31.07.2011;48202695
01.08.2011;69553457
02.08.2011;44673321
03.08.2011;38262375
04.08.2011;23763108
05.08.2011;23287606
06.08.2011;24513109
07.08.2011;42172342
08.08.2011;26572574
09.08.2011;8640427
10.08.2011;8043732
11.08.2011;-423747
12.08.2011;28441338
13.08.2011;18830042
14.08.2011;3131007
15.08.2011;2468977
16.08.2011;5406798
17.08.2011;1592505
18.08.2011;-977620
19.08.2011;-11211975
20.08.2011;-2633632
21.08.2011;71645
22.08.2011;16735938
23.08.2011;-4294548
24.08.2011;5333978
25.08.2011;-3798857
26.08.2011;-14502134
27.08.2011;2535257
28.08.2011;-3562214
29.08.2011;-20674200
30.08.2011;-15145954
31.08.2011;-587725
01.09.2011;16171525
02.09.2011;18291872
03.09.2011;20757451
04.09.2011;41561708
05.09.2011;37966723
06.09.2011;31996217
07.09.2011;39879528
08.09.2011;44320507
09.09.2011;60685718
10.09.2011;50844261
11.09.2011;35998834
12.09.2011;38319278
13.09.2011;37302758
14.09.2011;33819417
15.09.2011;20948155
16.09.2011;38146608
17.09.2011;25847586
18.09.2011;33239896
19.09.2011;38073506
20.09.2011;19913960
21.09.2011;12113985
22.09.2011;5666112
23.09.2011;23163624
24.09.2011;23215871
25.09.2011;24165462
26.09.2011;28296016
27.09.2011;40441287
28.09.2011;28917431
29.09.2011;31309016
30.09.2011;25358248
01.10.2011;21001516
02.10.2011;25272570
03.10.2011;13701137
04.10.2011;17981701
05.10.2011;17887474
06.10.2011;9470257
07.10.2011;15995134
08.10.2011;11872870
09.10.2011;19316549
10.10.2011;21648462
11.10.2011;31190470
12.10.2011;44666394
13.10.2011;42180005
14.10.2011;38008523
15.10.2011;24375815
16.10.2011;27862956
17.10.2011;20120317
18.10.2011;2733079
19.10.2011;20890005
20.10.2011;12827906
21.10.2011;13033898
22.10.2011;5787540
23.10.2011;1791537
24.10.2011;-6706961
25.10.2011;-4473303
26.10.2011;-6677864
27.10.2011;-11790534
28.10.2011;-8205382
29.10.2011;-15829912
30.10.2011;-3080993
31.10.2011;-19539121
01.11.2011;-21538491
02.11.2011;1545466
03.11.2011;-5351297
04.11.2011;-8047062
05.11.2011;12387956
06.11.2011;15988290
07.11.2011;6875730
08.11.2011;-630065
09.11.2011;1923289
10.11.2011;-11347744
11.11.2011;-13259089
12.11.2011;-11217904
13.11.2011;-7246098
14.11.2011;-2665886
15.11.2011;-3061453
16.11.2011;-1503262
17.11.2011;-10159119
18.11.2011;-12092817
19.11.2011;-7502941
20.11.2011;-12101844
21.11.2011;-16283264
22.11.2011;-22094212
23.11.2011;-14970075
24.11.2011;-22283347
25.11.2011;-8416363
26.11.2011;-7284611
27.11.2011;-10861991
28.11.2011;-3156116
29.11.2011;-15004350
30.11.2011;-14048052
01.12.2011;-11377523
02.12.2011;-11369947
03.12.2011;933453
04.12.2011;-8492982
05.12.2011;-19991005
06.12.2011;-19292305
07.12.2011;-24358707
08.12.2011;-45551789
09.12.2011;-18546225
10.12.2011;-4179113
11.12.2011;-9269281
12.12.2011;-10655631
13.12.2011;-7681928
14.12.2011;-12852295
15.12.2011;-9592245
16.12.2011;-13340157
17.12.2011;506576
18.12.2011;-2599036
19.12.2011;-11221962
20.12.2011;-20865910
21.12.2011;-20334673
22.12.2011;-21856374
23.12.2011;-16538961
24.12.2011;-14796661
25.12.2011;-7865215
26.12.2011;-13768230
27.12.2011;-12573775
28.12.2011;-11668439
29.12.2011;-11222288
30.12.2011;-10228423
31.12.2011;-19091449
01.01.2012;-2277499
02.01.2012;-8209074
03.01.2012;-30139855
04.01.2012;-28747073
05.01.2012;-18882685
06.01.2012;-25283705
07.01.2012;-28991713
08.01.2012;-14986644
09.01.2012;-11536065
10.01.2012;-14787943
11.01.2012;-14824746
12.01.2012;-21874900
13.01.2012;-17464497
14.01.2012;-16810214
15.01.2012;-20166846
16.01.2012;-13040977
17.01.2012;-7163211
18.01.2012;-11834772
19.01.2012;-11735154
20.01.2012;-3301916
21.01.2012;2748280
22.01.2012;-6104295
23.01.2012;-4253348
24.01.2012;-3937243
25.01.2012;-6173765
26.01.2012;-7684596
27.01.2012;-3187924
28.01.2012;-2181589
29.01.2012;-7796995
30.01.2012;9814372
31.01.2012;10528513
01.02.2012;-3057924
02.02.2012;776829
03.02.2012;-1124959
04.02.2012;-7251941
05.02.2012;-14095305
06.02.2012;-4952310
07.02.2012;-9184639
08.02.2012;-1339668
09.02.2012;3308406
10.02.2012;-17356282
11.02.2012;-32123441
12.02.2012;-38394979
13.02.2012;-12250019
14.02.2012;-22528042
15.02.2012;-20809614
16.02.2012;-28643465
17.02.2012;-31461813
18.02.2012;-17962987
19.02.2012;-13255205
20.02.2012;-22293314
21.02.2012;-27873958
22.02.2012;-31825728
23.02.2012;-32089933
24.02.2012;-30867344
25.02.2012;-28548643
26.02.2012;-18476367
27.02.2012;-28920301
28.02.2012;-34307230
29.02.2012;-33545420
01.03.2012;-35061480
02.03.2012;-26181825
03.03.2012;-7979748
04.03.2012;-5948699
05.03.2012;-11115864
06.03.2012;-16938765
07.03.2012;-21573574
08.03.2012;-16661871
09.03.2012;-32852406
10.03.2012;-22222642
11.03.2012;-15688739
12.03.2012;-22697834
13.03.2012;-23872033
14.03.2012;-22106251
15.03.2012;-22483607
16.03.2012;-16606428
17.03.2012;-5885473
18.03.2012;-4178921
19.03.2012;-9709587
20.03.2012;-11499806
21.03.2012;-16318915
22.03.2012;-15369123
23.03.2012;-12516988
24.03.2012;-12157860
25.03.2012;-3557751
26.03.2012;-19066303
27.03.2012;-15357589
28.03.2012;-16433886
29.03.2012;-13950464
30.03.2012;-8221088
31.03.2012;-568855
01.04.2012;8609535
02.04.2012;-2899926
03.04.2012;-2307467
04.04.2012;5264191
05.04.2012;9364226
06.04.2012;17157402
07.04.2012;7328887
08.04.2012;15537338
09.04.2012;8936835
10.04.2012;15128406
11.04.2012;-404392
12.04.2012;1339601
13.04.2012;-2203869
14.04.2012;-8833543
15.04.2012;2842760
16.04.2012;-283668
17.04.2012;-2215693
18.04.2012;-2920087
19.04.2012;-4524142
20.04.2012;-9252389
21.04.2012;-1967880
22.04.2012;3660167
23.04.2012;-14566310
24.04.2012;-15204191
25.04.2012;-19557574
26.04.2012;-2476936
27.04.2012;1749677
28.04.2012;25573275
29.04.2012;48457057
30.04.2012;34979582
01.05.2012;41251204
02.05.2012;38245874
03.05.2012;42000837
04.05.2012;40254355
05.05.2012;58202722
06.05.2012;60660714
07.05.2012;46004486
08.05.2012;33659014
09.05.2012;45694628
10.05.2012;45447462
11.05.2012;52098017
12.05.2012;66130093
13.05.2012;75550149
14.05.2012;53694769
15.05.2012;60115987
16.05.2012;55258690
17.05.2012;55681684
18.05.2012;48463575
19.05.2012;45197857
20.05.2012;50475815
21.05.2012;54912783
22.05.2012;49364952
23.05.2012;51952547
24.05.2012;56396877
25.05.2012;67518042
26.05.2012;81855250
27.05.2012;79636867
28.05.2012;72389970
29.05.2012;54825392
30.05.2012;62746391
31.05.2012;56745432
01.06.2012;50122966
02.06.2012;45063518
03.06.2012;51531418
04.06.2012;46928463
05.06.2012;47495873
06.06.2012;44526072
07.06.2012;48847522
08.06.2012;46640144
09.06.2012;54469539
10.06.2012;65256936
11.06.2012;62371509
12.06.2012;60932056
13.06.2012;47787041
14.06.2012;42023222
15.06.2012;43523295
16.06.2012;39878199
17.06.2012;45765021
18.06.2012;41884662
19.06.2012;56810047
20.06.2012;58923902
21.06.2012;60953943
22.06.2012;58788467
23.06.2012;70893678
24.06.2012;75146328
25.06.2012;61965928
26.06.2012;71010788
27.06.2012;82123528
28.06.2012;86080743
29.06.2012;82365188
30.06.2012;85689586
01.07.2012;84947241
02.07.2012;92603555
03.07.2012;97650089
04.07.2012;95215266
05.07.2012;91175381
06.07.2012;94296973
07.07.2012;89455736
08.07.2012;80527750
09.07.2012;74951895
10.07.2012;84566767
11.07.2012;82796915
12.07.2012;77418363
13.07.2012;92638045
14.07.2012;89251982
15.07.2012;86118256
16.07.2012;81079696
17.07.2012;87654285
18.07.2012;81614331
19.07.2012;73924380
20.07.2012;92728127
21.07.2012;67238858
22.07.2012;65005468
23.07.2012;75208184
24.07.2012;89403083
25.07.2012;101476618
26.07.2012;97456549
27.07.2012;85096818
28.07.2012;67855051
29.07.2012;67874958
30.07.2012;63293857
31.07.2012;73009076
01.08.2012;81728944
02.08.2012;76574673
03.08.2012;74323561
04.08.2012;61591917
05.08.2012;52360814
06.08.2012;49170835
07.08.2012;33637838
08.08.2012;49704200
09.08.2012;44901006
10.08.2012;44997345
11.08.2012;28237630
12.08.2012;19319468
13.08.2012;38097835
14.08.2012;41799162
15.08.2012;5286100
16.08.2012;43081098
17.08.2012;36494847
18.08.2012;25832878
19.08.2012;23437933
20.08.2012;48877981
21.08.2012;46726603
22.08.2012;30578292
23.08.2012;38306313
24.08.2012;48234886
25.08.2012;43164324
26.08.2012;41340518
27.08.2012;40073385
28.08.2012;35963915
29.08.2012;31567058
30.08.2012;40762983
31.08.2012;35029733
01.09.2012;15692397
02.09.2012;11149054
03.09.2012;25779581
04.09.2012;27401984
05.09.2012;27647198
06.09.2012;21541370
07.09.2012;20586822
08.09.2012;8366009
09.09.2012;4261547
10.09.2012;23410363
11.09.2012;17372603
12.09.2012;24538867
13.09.2012;9467927
14.09.2012;-9422274
15.09.2012;-5190361
16.09.2012;-3233563
17.09.2012;9955050
18.09.2012;3947366
19.09.2012;-1371998
20.09.2012;-2874480
21.09.2012;-367067
22.09.2012;-8864066
23.09.2012;4430896
24.09.2012;-1407183
25.09.2012;5998415
26.09.2012;28756244
27.09.2012;30874299
28.09.2012;23062792
29.09.2012;20881861
30.09.2012;29369477
01.10.2012;21181531
02.10.2012;20732267
03.10.2012;17596145
04.10.2012;18623927
05.10.2012;8633933
06.10.2012;7435869
07.10.2012;5585049
08.10.2012;15580349
09.10.2012;19721054
10.10.2012;32952485
11.10.2012;31473191
12.10.2012;30311742
13.10.2012;29245402
14.10.2012;28040780
15.10.2012;33596049
16.10.2012;14807991
17.10.2012;9773376
18.10.2012;-9021854
19.10.2012;-4348077
20.10.2012;-5188834
21.10.2012;-3948072
22.10.2012;-6251991
23.10.2012;-11755769
24.10.2012;-13619736
25.10.2012;-21989814
26.10.2012;-30051922
27.10.2012;-25593194
28.10.2012;-23514241
29.10.2012;-30878258
30.10.2012;-20978655
31.10.2012;-15482504
01.11.2012;-18287514
02.11.2012;-5458894
03.11.2012;6336906
04.11.2012;15711058
05.11.2012;11892457
06.11.2012;-4459598
07.11.2012;-2418418
08.11.2012;2477393
09.11.2012;10784991
10.11.2012;11134109
11.11.2012;20680604
12.11.2012;15126309
13.11.2012;12324130
14.11.2012;19489221
15.11.2012;21613432
16.11.2012;16045526
17.11.2012;8160319
18.11.2012;11172518
19.11.2012;12819434
20.11.2012;-4108538
21.11.2012;-10053585
22.11.2012;-8259686
23.11.2012;-3437428
24.11.2012;-3136318
25.11.2012;-1712955
26.11.2012;2886098
27.11.2012;19224592
28.11.2012;13398570
29.11.2012;106322
30.11.2012;4882147
01.12.2012;-9940199
02.12.2012;-9639604
03.12.2012;-7311630
04.12.2012;-8154643
05.12.2012;15879
06.12.2012;7502280
07.12.2012;6114172
08.12.2012;-25646364
09.12.2012;-25364538
10.12.2012;-2396870
11.12.2012;4865590
12.12.2012;13152167
13.12.2012;5137552
14.12.2012;-2037740
15.12.2012;-11172123
16.12.2012;-11016146
17.12.2012;1237475
18.12.2012;-3722309
19.12.2012;-3483367
20.12.2012;-6251192
21.12.2012;-533035
22.12.2012;-5280367
23.12.2012;518185
24.12.2012;-80273
25.12.2012;7269734
26.12.2012;5687940
27.12.2012;1830550
28.12.2012;2685463
29.12.2012;-4719689
30.12.2012;1272173
31.12.2012;-6333937
01.01.2013;-2788871
02.01.2013;-2321295
03.01.2013;-14153262
04.01.2013;-14985942
05.01.2013;-13329425
06.01.2013;-6178498
07.01.2013;3578377
08.01.2013;8707889
09.01.2013;15435157
10.01.2013;6977679
11.01.2013;663944
12.01.2013;-10273624
13.01.2013;-13632765
14.01.2013;2432173
15.01.2013;5522851
16.01.2013;13045719
17.01.2013;21584089
18.01.2013;15955488
19.01.2013;-5486890
20.01.2013;-14703607
21.01.2013;6394920
22.01.2013;-1052736
23.01.2013;-1554825
24.01.2013;-6504239
25.01.2013;-4325897
26.01.2013;-12984792
27.01.2013;-15973401
28.01.2013;-8123882
29.01.2013;-10210769
30.01.2013;-4714273
31.01.2013;-6327982
01.02.2013;-2012604
02.02.2013;-6357162
03.02.2013;-3266645
04.02.2013;-6935782
05.02.2013;-4488034
06.02.2013;-1996164
07.02.2013;7895447
08.02.2013;-1600679
09.02.2013;2118713
10.02.2013;-12697427
11.02.2013;405836
12.02.2013;6760871
13.02.2013;4016306
14.02.2013;-9369179
15.02.2013;4362979
16.02.2013;-11977599
17.02.2013;-12844042
18.02.2013;6316640
19.02.2013;-5890473
20.02.2013;-5342003
21.02.2013;-10381238
22.02.2013;-1524046
23.02.2013;17363572
24.02.2013;-5125345
25.02.2013;12432522
26.02.2013;1950693
27.02.2013;-977253
28.02.2013;-4714181
01.03.2013;-4577124
02.03.2013;-15604227
03.03.2013;-18874536
04.03.2013;-17348407
05.03.2013;-21104549
06.03.2013;-22477696
07.03.2013;-24182993
08.03.2013;-26814044
09.03.2013;-14587310
10.03.2013;-7071153
11.03.2013;-19166135
12.03.2013;-1483252
13.03.2013;-4028344
14.03.2013;-11039929
15.03.2013;-15288098
16.03.2013;-25917919
17.03.2013;-15712979
18.03.2013;-8817867
19.03.2013;-23781599
20.03.2013;-20674743
21.03.2013;-21159200
22.03.2013;-23058069
23.03.2013;-22064241
24.03.2013;-13734199
25.03.2013;-24779013
26.03.2013;-35123456
27.03.2013;-34344380
28.03.2013;-23182704
29.03.2013;-9443707
30.03.2013;-14338861
31.03.2013;-8151847
01.04.2013;-9409594
02.04.2013;-36290889
03.04.2013;-39097710
04.04.2013;-40024873
05.04.2013;-31170924
06.04.2013;-18480957
07.04.2013;-11246587
08.04.2013;-38916021
09.04.2013;-43094525
10.04.2013;-36200808
11.04.2013;-33741249
12.04.2013;-22136052
13.04.2013;4520807
14.04.2013;18758347
15.04.2013;-3492832
16.04.2013;3625861
17.04.2013;14572315
18.04.2013;19768232
19.04.2013;23556865
20.04.2013;30359903
21.04.2013;33617460
22.04.2013;18099266
23.04.2013;15408987
24.04.2013;17396475
25.04.2013;24272328
26.04.2013;35319434
27.04.2013;51562315
28.04.2013;60614777
29.04.2013;46684555
30.04.2013;56428394
01.05.2013;67196864
02.05.2013;75521088
03.05.2013;78061945
04.05.2013;66277651
05.05.2013;58679886
06.05.2013;48091811
07.05.2013;47635813
08.05.2013;45317209
09.05.2013;61353852
10.05.2013;57220527
11.05.2013;60999887
12.05.2013;56286583
13.05.2013;38483457
14.05.2013;43588921
15.05.2013;38149213
16.05.2013;44540666
17.05.2013;51968494
18.05.2013;63043619
19.05.2013;57297664
20.05.2013;51478197
21.05.2013;48098834
22.05.2013;22086112
23.05.2013;21414969
24.05.2013;17892987
25.05.2013;191642
26.05.2013;7498876
27.05.2013;10334411
28.05.2013;17431488
29.05.2013;15856933
30.05.2013;7704390
31.05.2013;-1880755
01.06.2013;11218187
02.06.2013;15190112
03.06.2013;691089
04.06.2013;3121600
05.06.2013;8291600
06.06.2013;12883557
07.06.2013;22787492
08.06.2013;32649259
09.06.2013;44921606
10.06.2013;40438422
11.06.2013;32079720
12.06.2013;33948548
13.06.2013;39117981
14.06.2013;44089500
15.06.2013;64579669
16.06.2013;72558522
17.06.2013;65409082
18.06.2013;71138765
19.06.2013;61852049
20.06.2013;68078484
21.06.2013;69901735
22.06.2013;79872988
23.06.2013;71289952
24.06.2013;60754665
25.06.2013;46248190
26.06.2013;39716886
27.06.2013;43282686
28.06.2013;31493160
29.06.2013;25361197
30.06.2013;36558251
01.07.2013;42995053
02.07.2013;52572432
03.07.2013;57065336
04.07.2013;56223069
05.07.2013;53049038
06.07.2013;57190514
07.07.2013;61970520
08.07.2013;57914107
09.07.2013;63149647
10.07.2013;50668936
11.07.2013;63322197
12.07.2013;59202272
13.07.2013;61280685
14.07.2013;57601798
15.07.2013;59221152
16.07.2013;60367305
17.07.2013;53989829
18.07.2013;57886387
19.07.2013;47433269
20.07.2013;51654690
21.07.2013;58436155
22.07.2013;68346977
23.07.2013;81379566
24.07.2013;91461039
25.07.2013;82513208
26.07.2013;77457999
27.07.2013;66873671
28.07.2013;73512930
29.07.2013;93935590
30.07.2013;79944988
31.07.2013;86982382
01.08.2013;108331446
02.08.2013;93112014
03.08.2013;78919372
04.08.2013;79726062
05.08.2013;83020064
06.08.2013;67842956
07.08.2013;80576048
08.08.2013;79673435
09.08.2013;73805091
10.08.2013;67039508
11.08.2013;54904427
12.08.2013;45251055
13.08.2013;30273130
14.08.2013;33320728
15.08.2013;33673072
16.08.2013;34428880
17.08.2013;24759447
18.08.2013;21605258
19.08.2013;40937850
20.08.2013;26473381
21.08.2013;26017943
22.08.2013;25035475
23.08.2013;31781121
24.08.2013;20435570
25.08.2013;24546672
26.08.2013;40702497
27.08.2013;51506184
28.08.2013;54053036
29.08.2013;46094221
30.08.2013;31705132
31.08.2013;6047679
01.09.2013;-4460720
02.09.2013;-9297267
03.09.2013;6253953
04.09.2013;12971792
05.09.2013;-3512865
06.09.2013;-15922865
07.09.2013;-20495174
08.09.2013;-7138681
09.09.2013;19004805
10.09.2013;15905805
11.09.2013;6870414
12.09.2013;9682813
13.09.2013;-1477564
14.09.2013;-22625890
15.09.2013;-13793974
16.09.2013;-3306652
17.09.2013;-10508201
18.09.2013;13852897
19.09.2013;10012666
20.09.2013;16661617
21.09.2013;2777041
22.09.2013;4111768
23.09.2013;4304024
24.09.2013;8636129
25.09.2013;18462542
26.09.2013;12585244
27.09.2013;3007827
28.09.2013;3564346
29.09.2013;15547803
30.09.2013;12404001
01.10.2013;21042327
02.10.2013;12483518
03.10.2013;16449100
04.10.2013;20971438
05.10.2013;17808415
06.10.2013;24168215
07.10.2013;28222455
08.10.2013;17769549
09.10.2013;16492254
10.10.2013;6341822
11.10.2013;4026036
12.10.2013;5464875
13.10.2013;12679751
14.10.2013;11868188
15.10.2013;21432082
16.10.2013;27023452
17.10.2013;23387438
18.10.2013;22468622
19.10.2013;26137996
20.10.2013;25108260
21.10.2013;16647922
22.10.2013;9880790
23.10.2013;32333425
24.10.2013;43940157
25.10.2013;39315416
26.10.2013;39238471
27.10.2013;32443472
28.10.2013;26178677
29.10.2013;25896872
30.10.2013;35164631
31.10.2013;25479359
01.11.2013;10662795
02.11.2013;23113615
03.11.2013;23901764
04.11.2013;24483645
05.11.2013;29054251
06.11.2013;18721110
07.11.2013;18904285
08.11.2013;34575872
09.11.2013;28298675
10.11.2013;28456791
11.11.2013;11604555
12.11.2013;9231982
13.11.2013;7644232
14.11.2013;17141907
15.11.2013;20712870
16.11.2013;17152988
17.11.2013;12988124
18.11.2013;27918132
19.11.2013;20764729
20.11.2013;14342064
21.11.2013;17017432
22.11.2013;19396798
23.11.2013;14888735
24.11.2013;10970812
25.11.2013;10340393
26.11.2013;10595287
27.11.2013;18782787
28.11.2013;23209151
29.11.2013;24023713
30.11.2013;3916915
01.12.2013;-232099
02.12.2013;15360072
03.12.2013;14996837
04.12.2013;12485561
05.12.2013;8624848
06.12.2013;16649677
07.12.2013;-7656542
08.12.2013;-14916275
09.12.2013;3643335
10.12.2013;11146280
11.12.2013;21369647
12.12.2013;24939533
13.12.2013;11618607
14.12.2013;-4158443
15.12.2013;-7987766
16.12.2013;-813277
17.12.2013;2656209
18.12.2013;-5990665
19.12.2013;1100774
20.12.2013;-1039892
21.12.2013;-5547805
22.12.2013;-20307431
23.12.2013;-23698501
24.12.2013;-14057503
25.12.2013;-6259233
26.12.2013;-9080625
27.12.2013;-18865706
28.12.2013;-15649010
29.12.2013;-9003194
30.12.2013;-16498822
31.12.2013;-20119109
01.01.2014;-12529875
02.01.2014;-19359972
03.01.2014;-28834616
04.01.2014;-21105996
05.01.2014;-13139300
06.01.2014;-35775514
07.01.2014;-14382715
08.01.2014;-12966365
09.01.2014;-21056672
10.01.2014;-12762863
11.01.2014;-20287299
12.01.2014;-14965572
13.01.2014;-20114625
14.01.2014;-14042948
15.01.2014;-15212738
16.01.2014;-15715320
17.01.2014;-13388183
18.01.2014;-10826978
19.01.2014;-13304688
20.01.2014;494810
21.01.2014;-5733973
22.01.2014;-17168790
23.01.2014;-9458554
24.01.2014;-13774699
25.01.2014;-29785285
26.01.2014;-23021522
27.01.2014;-13983869
28.01.2014;-17371992
29.01.2014;-9581793
30.01.2014;-8964338
31.01.2014;-11981696
01.02.2014;-22088446
02.02.2014;-16863047
03.02.2014;-4395677
04.02.2014;-5007349
05.02.2014;-1227538
06.02.2014;-18915519
07.02.2014;-8708547
08.02.2014;-23973702
09.02.2014;-12107853
10.02.2014;1473695
11.02.2014;4582077
12.02.2014;-5870593
13.02.2014;1949652
14.02.2014;-2630917
15.02.2014;-12882942
16.02.2014;-13886261
17.02.2014;-1960788
18.02.2014;1248536
19.02.2014;-2097004
20.02.2014;-10457734
21.02.2014;-11619225
22.02.2014;-12626884
23.02.2014;-11321083
24.02.2014;-7521862
25.02.2014;-6477950
26.02.2014;10105389
27.02.2014;895313
28.02.2014;7784634
01.03.2014;284585
02.03.2014;-12735331
03.03.2014;28866
04.03.2014;11248795
05.03.2014;853554
06.03.2014;-3746039
07.03.2014;-5543804
08.03.2014;-16664733
09.03.2014;-10064861
10.03.2014;-3632085
11.03.2014;-8887583
12.03.2014;386943
13.03.2014;4419343
14.03.2014;4404986
15.03.2014;-1455974
16.03.2014;651818
17.03.2014;11907578
18.03.2014;10423392
19.03.2014;4666043
20.03.2014;1806068
21.03.2014;15144632
22.03.2014;8447667
23.03.2014;10902398
24.03.2014;31385919
25.03.2014;27870671
26.03.2014;36258965
27.03.2014;38751015
28.03.2014;33516237
29.03.2014;7939768
30.03.2014;17613668
31.03.2014;31405993
01.04.2014;16230626
02.04.2014;12340497
03.04.2014;30311424
04.04.2014;26455627
05.04.2014;19974370
06.04.2014;12562711
07.04.2014;23939486
08.04.2014;21690113
09.04.2014;24746092
10.04.2014;33236805
11.04.2014;28712822
12.04.2014;20111124
13.04.2014;29591989
14.04.2014;31375667
15.04.2014;37152413
16.04.2014;34050346
17.04.2014;28959366
18.04.2014;31313305
19.04.2014;22440815
20.04.2014;20875052
21.04.2014;22650943
22.04.2014;29102535
23.04.2014;30469093
24.04.2014;25640998
25.04.2014;23685537
26.04.2014;32882466
27.04.2014;46253156
28.04.2014;39110119
29.04.2014;34132972
30.04.2014;20547517
01.05.2014;15286448
02.05.2014;24896244
03.05.2014;33703217
04.05.2014;40316262
05.05.2014;36867070
06.05.2014;34883062
07.05.2014;44097224
08.05.2014;30699354
09.05.2014;31604529
10.05.2014;44634077
11.05.2014;49061473
12.05.2014;45270149
13.05.2014;44422499
14.05.2014;32111876
15.05.2014;43903895
16.05.2014;26136244
17.05.2014;31787017
18.05.2014;40866103
19.05.2014;53716031
20.05.2014;53563091
21.05.2014;59256551
22.05.2014;49193221
23.05.2014;75713626
24.05.2014;84409708
25.05.2014;80252182
26.05.2014;79763429
27.05.2014;78998683
28.05.2014;81078930
29.05.2014;69583170
30.05.2014;65275919
31.05.2014;56305346
01.06.2014;62926790
02.06.2014;58548681
03.06.2014;78890481
04.06.2014;64482351
05.06.2014;46007216
06.06.2014;51771210
07.06.2014;73464848
08.06.2014;57447704
09.06.2014;54947945
10.06.2014;65573947
11.06.2014;56863785
12.06.2014;51051743
13.06.2014;47422971
14.06.2014;65763976
15.06.2014;61914589
16.06.2014;48849364
17.06.2014;50355789
18.06.2014;25739071
19.06.2014;27256759
20.06.2014;24072295
21.06.2014;27982443
22.06.2014;29193385
23.06.2014;41028162
24.06.2014;50612751
25.06.2014;56773011
26.06.2014;54550440
27.06.2014;38727747
28.06.2014;34594818
29.06.2014;48145404
30.06.2014;47772751
01.07.2014;39397799
02.07.2014;40925047
03.07.2014;37785935
04.07.2014;41484926
05.07.2014;38498514
06.07.2014;43089609
07.07.2014;62602042
08.07.2014;79321223
09.07.2014;69783824
10.07.2014;67446215
11.07.2014;68017569
12.07.2014;85616157
13.07.2014;83551892
14.07.2014;70749449
15.07.2014;72976432
16.07.2014;91872704
17.07.2014;89467104
18.07.2014;86704077
19.07.2014;75384099
20.07.2014;81871158
21.07.2014;103272484
22.07.2014;87912461
23.07.2014;83193547
24.07.2014;86751248
25.07.2014;92669460
26.07.2014;96831421
27.07.2014;95357092
28.07.2014;94134721
29.07.2014;99038932
30.07.2014;99706741
31.07.2014;97875839
01.08.2014;113859129
02.08.2014;103792985
03.08.2014;108462240
04.08.2014;95596266
05.08.2014;89153476
06.08.2014;83058849
07.08.2014;86221409
08.08.2014;87413478
09.08.2014;70498977
10.08.2014;55996861
11.08.2014;53321129
12.08.2014;41888264
13.08.2014;59007769
14.08.2014;50746815
15.08.2014;48651097
16.08.2014;45798485
17.08.2014;37254750
18.08.2014;24080199
19.08.2014;21059156
20.08.2014;19263493
21.08.2014;21282213
22.08.2014;9771808
23.08.2014;10185470
24.08.2014;4699068
25.08.2014;14348409
26.08.2014;24990709
27.08.2014;15917729
28.08.2014;18357388
29.08.2014;17356554
30.08.2014;12454559
31.08.2014;18137809
01.09.2014;30992130
02.09.2014;24874565
03.09.2014;11710137
04.09.2014;20031880
05.09.2014;22153775
06.09.2014;12654646
07.09.2014;15683741
08.09.2014;20207527
09.09.2014;16638834
10.09.2014;11939312
11.09.2014;12499253
12.09.2014;6436332
13.09.2014;24728158
14.09.2014;32453171
15.09.2014;45224343
16.09.2014;33239596
17.09.2014;32039552
18.09.2014;35251635
19.09.2014;35940594
20.09.2014;30362357
21.09.2014;27710728
22.09.2014;30188736
23.09.2014;40646932
24.09.2014;34656820
25.09.2014;24548682
26.09.2014;22707273
27.09.2014;18877226
28.09.2014;26652313
29.09.2014;44449044
30.09.2014;54916603
01.10.2014;43787155
02.10.2014;37736314
03.10.2014;15537824
04.10.2014;11203443
05.10.2014;22546120
06.10.2014;26767371
07.10.2014;11179743
08.10.2014;4029030
09.10.2014;10960598
10.10.2014;16568719
11.10.2014;25897197
12.10.2014;32464791
13.10.2014;31663612
14.10.2014;40109002
15.10.2014;29954753
16.10.2014;25122548
17.10.2014;30657723
18.10.2014;33948079
19.10.2014;29846500
20.10.2014;24758588
21.10.2014;7922555
22.10.2014;27357894
23.10.2014;39719167
24.10.2014;21050444
25.10.2014;15388729
26.10.2014;26639746
27.10.2014;38700658
28.10.2014;16889568
29.10.2014;29311883
30.10.2014;27022242
31.10.2014;7196718
01.11.2014;11274650
02.11.2014;16421825
03.11.2014;14106273
04.11.2014;38713428
05.11.2014;41191181
06.11.2014;39142120
07.11.2014;10041904
08.11.2014;18553992
09.11.2014;32654214
10.11.2014;22831507
11.11.2014;11553077
12.11.2014;31806635
13.11.2014;39181394
14.11.2014;29569096
15.11.2014;31398546
16.11.2014;37600599
17.11.2014;35208119
18.11.2014;38799279
19.11.2014;51312715
20.11.2014;34967096
21.11.2014;28607671
22.11.2014;12134964
23.11.2014;10891245
24.11.2014;24369741
25.11.2014;32560776
26.11.2014;29207432
27.11.2014;13156467
28.11.2014;14194371
29.11.2014;13203875
30.11.2014;5766879
01.12.2014;27684613
02.12.2014;43774395
03.12.2014;52378335
04.12.2014;50381527
05.12.2014;44950374
06.12.2014;18247245
07.12.2014;5342975
08.12.2014;13068042
09.12.2014;37883881
10.12.2014;31479256
11.12.2014;21604337
12.12.2014;17663252
13.12.2014;18275765
14.12.2014;16615892
15.12.2014;30723792
16.12.2014;22135582
17.12.2014;1766951
18.12.2014;-4952349
19.12.2014;1499534
20.12.2014;-7947885
21.12.2014;-6450930
22.12.2014;-15106965
23.12.2014;-8148881
24.12.2014;-14542544
25.12.2014;-6017242
26.12.2014;-3893711
27.12.2014;-16943929
28.12.2014;-2839825
29.12.2014;18563298
30.12.2014;2744215
31.12.2014;-8290534
01.01.2015;-11429189
02.01.2015;-7304916
03.01.2015;-17199876
04.01.2015;156017
05.01.2015;-9264956
06.01.2015;-7600209
07.01.2015;6576334
08.01.2015;38814
09.01.2015;291125
10.01.2015;2954005
11.01.2015;1337010
12.01.2015;70630
13.01.2015;-3825464
14.01.2015;4976800
15.01.2015;3747479
16.01.2015;6530135
17.01.2015;3208654
18.01.2015;-8023927
19.01.2015;10999870
20.01.2015;26648055
21.01.2015;13171193
22.01.2015;-482650
23.01.2015;13020126
24.01.2015;-9959409
25.01.2015;-9522341
26.01.2015;10930979
27.01.2015;8042709
28.01.2015;-2428733
29.01.2015;1331492
30.01.2015;2396219
31.01.2015;-3042770
01.02.2015;-13525766
02.02.2015;10781018
03.02.2015;13414751
04.02.2015;3514772
05.02.2015;12100980
06.02.2015;11897662
07.02.2015;18881652
08.02.2015;-8500786
09.02.2015;17791124
10.02.2015;13345500
11.02.2015;8465762
12.02.2015;7330
13.02.2015;-5923989
14.02.2015;-26942855
15.02.2015;-17902630
16.02.2015;-4361869
17.02.2015;2014220
18.02.2015;4229450
19.02.2015;914481
20.02.2015;-2264572
21.02.2015;-9466291
22.02.2015;-16369132
23.02.2015;-3885884
24.02.2015;-3057737
25.02.2015;3333844
26.02.2015;-6102239
27.02.2015;-4348641
28.02.2015;-19526773
01.03.2015;-15190234
02.03.2015;-6565268
03.03.2015;2363854
04.03.2015;9098991
05.03.2015;-1195306
06.03.2015;-5115985
07.03.2015;-15038712
08.03.2015;-11781533
09.03.2015;-6262381
10.03.2015;-5682684
11.03.2015;-7356302
12.03.2015;-10388979
13.03.2015;-15211385
14.03.2015;-12997909
15.03.2015;-10445281
16.03.2015;-1264779
17.03.2015;-9247824
18.03.2015;-19949605
19.03.2015;-13900171
20.03.2015;-19144599
21.03.2015;5454570
22.03.2015;-11377686
23.03.2015;7736797
24.03.2015;-8422277
25.03.2015;-818917
26.03.2015;1144735
27.03.2015;-13439755
28.03.2015;-17599902
29.03.2015;-12677277
30.03.2015;-10636165
31.03.2015;-5783550
01.04.2015;-5510364
02.04.2015;1079133
03.04.2015;29950201
04.04.2015;-22530136
05.04.2015;-24681489
06.04.2015;-27095003
07.04.2015;-25159586
08.04.2015;-7140020
09.04.2015;-319371
10.04.2015;-818353
11.04.2015;4654108
12.04.2015;9582038
13.04.2015;5251981
14.04.2015;5586113
15.04.2015;9711162
16.04.2015;18931254
17.04.2015;14437286
18.04.2015;11033102
19.04.2015;19226073
20.04.2015;25257959
21.04.2015;10999757
22.04.2015;14348281
23.04.2015;15802897
24.04.2015;23357795
25.04.2015;21627811
26.04.2015;33835940
27.04.2015;32544112
28.04.2015;29040503
29.04.2015;36599384
30.04.2015;38346083
01.05.2015;10032338
02.05.2015;41739607
03.05.2015;53177113
04.05.2015;49367303
05.05.2015;46440169
06.05.2015;66259542
07.05.2015;66174574
08.05.2015;67122595
09.05.2015;63837597
10.05.2015;64302063
11.05.2015;74082232
12.05.2015;67164631
13.05.2015;87683661
14.05.2015;91774116
15.05.2015;98520317
16.05.2015;88281308
17.05.2015;80309549
18.05.2015;77816407
19.05.2015;69383543
20.05.2015;82654793
21.05.2015;81481526
22.05.2015;78668802
23.05.2015;66158740
24.05.2015;54017676
25.05.2015;54195554
26.05.2015;60961855
27.05.2015;62750647
28.05.2015;43023720
29.05.2015;54801419
30.05.2015;46554093
31.05.2015;45107960
01.06.2015;62987866
02.06.2015;38434689
03.06.2015;74326800
04.06.2015;82575579
05.06.2015;90269698
06.06.2015;64871042
07.06.2015;63675682
08.06.2015;70870729
09.06.2015;75570940
10.06.2015;72804417
11.06.2015;78061943
12.06.2015;70353328
13.06.2015;70237809
14.06.2015;70477742
15.06.2015;73886088
16.06.2015;71706982
17.06.2015;59783130
18.06.2015;58853224
19.06.2015;61485961
20.06.2015;49750763
21.06.2015;49003296
22.06.2015;70930501
23.06.2015;49515122
24.06.2015;59671740
25.06.2015;66415431
26.06.2015;62164616
27.06.2015;40491625
28.06.2015;47514750
29.06.2015;70377928
30.06.2015;73136953
01.07.2015;70342991
02.07.2015;64116462
03.07.2015;88463980
04.07.2015;66981197
05.07.2015;56771191
06.07.2015;67870664
07.07.2015;91243673
08.07.2015;58234434
09.07.2015;57065621
10.07.2015;81629479
11.07.2015;72832996
12.07.2015;64984883
13.07.2015;79878897
14.07.2015;64921663
15.07.2015;83129210
16.07.2015;85026474
17.07.2015;66374757
18.07.2015;65847056
19.07.2015;58040741
20.07.2015;87907773
21.07.2015;67943672
22.07.2015;81832436
23.07.2015;81963090
24.07.2015;69593571
25.07.2015;47953726
26.07.2015;59705350
27.07.2015;47655699
28.07.2015;37264777
29.07.2015;44235767
30.07.2015;42066467
31.07.2015;49836641
01.08.2015;47069551
02.08.2015;47360043
03.08.2015;39177520
04.08.2015;31415133
05.08.2015;42927081
06.08.2015;41001123
07.08.2015;37012266
08.08.2015;34101968
09.08.2015;23323009
10.08.2015;25695801
11.08.2015;24405346
12.08.2015;19482886
13.08.2015;-1157984
14.08.2015;7183238
15.08.2015;5284417
16.08.2015;7727191
17.08.2015;-6806028
18.08.2015;-8775581
19.08.2015;10451674
20.08.2015;-4178247
21.08.2015;-13840128
22.08.2015;-3849011
23.08.2015;-15228362
24.08.2015;-5079101
25.08.2015;-4527910
26.08.2015;-9665907
27.08.2015;11679449
28.08.2015;27270059
29.08.2015;967635
30.08.2015;-7625125
31.08.2015;28757812
01.09.2015;14035290
02.09.2015;-5967282
03.09.2015;10096232
04.09.2015;-11359969
05.09.2015;-12724652
06.09.2015;-16758391
07.09.2015;-6609491
08.09.2015;-19980639
09.09.2015;-25903348
10.09.2015;-24958971
11.09.2015;-14867126
12.09.2015;-30123865
13.09.2015;-17240689
14.09.2015;-4821435
15.09.2015;-4964369
16.09.2015;2052196
17.09.2015;12423879
18.09.2015;33565346
19.09.2015;45151774
20.09.2015;45117452
21.09.2015;42308043
22.09.2015;28617942
23.09.2015;53389826
24.09.2015;26580684
25.09.2015;34887015
26.09.2015;18103887
27.09.2015;9768676
28.09.2015;2307822
29.09.2015;-2744629
30.09.2015;3160091
01.10.2015;6349304
02.10.2015;13614965
03.10.2015;11375051
04.10.2015;18843528
05.10.2015;25573133
06.10.2015;22399261
07.10.2015;22464579
08.10.2015;28739232
09.10.2015;34891556
10.10.2015;4205334
11.10.2015;1405562
12.10.2015;10803551
13.10.2015;33056515
14.10.2015;36973925
15.10.2015;35871139
16.10.2015;33295010
17.10.2015;-4218010
18.10.2015;-28254399
19.10.2015;-3110118
20.10.2015;-5803859
21.10.2015;-18245772
22.10.2015;-18549077
23.10.2015;-18880000
24.10.2015;-25513110
25.10.2015;-26540840
26.10.2015;-8596993
27.10.2015;-4276867
28.10.2015;125339
29.10.2015;26734
30.10.2015;-26213595
31.10.2015;-45014053
01.11.2015;-39736281
02.11.2015;-34542041
03.11.2015;-9859174
04.11.2015;10995016
05.11.2015;-7662016
06.11.2015;-13476492
07.11.2015;-15054870
08.11.2015;-10472865
09.11.2015;-4750855
10.11.2015;-886945
11.11.2015;-7680407
12.11.2015;7978370
13.11.2015;-8692529
14.11.2015;-9125458
15.11.2015;-10550321
16.11.2015;2079189
17.11.2015;-1862683
18.11.2015;-14555819
19.11.2015;2743456
20.11.2015;-11319754
21.11.2015;-15930896
22.11.2015;-13196890
23.11.2015;30955386
24.11.2015;28077684
25.11.2015;22022337
26.11.2015;19036815
27.11.2015;12575359
28.11.2015;-11575513
29.11.2015;-19814338
30.11.2015;1946346
01.12.2015;2707435
02.12.2015;15690606
03.12.2015;3205058
04.12.2015;3614543
05.12.2015;-7428266
06.12.2015;-19263851
07.12.2015;-20207400
08.12.2015;-40539666
09.12.2015;9797844
10.12.2015;-9962119
11.12.2015;-11738974
12.12.2015;-21394213
13.12.2015;-27120162
14.12.2015;-21105560
15.12.2015;-14399903
16.12.2015;-11377842
17.12.2015;-17804009
18.12.2015;-30153802
19.12.2015;-32636597
20.12.2015;-28679494
21.12.2015;-36384588
22.12.2015;-39078220
23.12.2015;-33801626
24.12.2015;-26125725
25.12.2015;-18795058
26.12.2015;-22466782
27.12.2015;-20079629
28.12.2015;-31958112
29.12.2015;-33554614
30.12.2015;-38326545
31.12.2015;-35684860
01.01.2016;-25994168
02.01.2016;-30863441
03.01.2016;-24663980
04.01.2016;-44800785
05.01.2016;-36487103
06.01.2016;-52699136
07.01.2016;-39550322
08.01.2016;-29746350
09.01.2016;-27326830
10.01.2016;-21724597
11.01.2016;-26386385
12.01.2016;-30805320
13.01.2016;-37322523
14.01.2016;-32240789
15.01.2016;-37840325
16.01.2016;-38450148
17.01.2016;-37431368
18.01.2016;-27528237
19.01.2016;-14274260
20.01.2016;-8478883
21.01.2016;10490216
22.01.2016;-26003695
23.01.2016;-29674355
24.01.2016;-30854087
25.01.2016;-32861418
26.01.2016;-28769356
27.01.2016;-18760525
28.01.2016;-20531095
29.01.2016;-19934012
30.01.2016;-27653840
31.01.2016;-16996477
01.02.2016;-18763716
02.02.2016;-10521970
03.02.2016;-15535118
04.02.2016;-18953851
05.02.2016;-17883175
06.02.2016;-17448597
07.02.2016;-13724740
08.02.2016;3601477
09.02.2016;-14020394
10.02.2016;-26308110
11.02.2016;-18296533
12.02.2016;-23881682
13.02.2016;-19965589
14.02.2016;-17379598
15.02.2016;-16162386
16.02.2016;-6262003
17.02.2016;-13808845
18.02.2016;5823972
19.02.2016;-13631977
20.02.2016;-32186093
21.02.2016;-11489136
22.02.2016;-16867273
23.02.2016;-18667697
24.02.2016;-24631552
25.02.2016;-21125919
26.02.2016;-22952463
27.02.2016;-26510295
28.02.2016;-22933767
29.02.2016;-4110614
01.03.2016;-17916542
02.03.2016;-20869580
03.03.2016;-15643494
04.03.2016;-19071516
05.03.2016;-24226801
06.03.2016;-20506509
07.03.2016;-7433815
08.03.2016;-8549600
09.03.2016;-19096071
10.03.2016;-16016125
11.03.2016;-9839903
12.03.2016;-26073229
13.03.2016;-23678194
14.03.2016;-17719202
15.03.2016;-20875313
16.03.2016;-9525095
17.03.2016;-8445108
18.03.2016;-15575694
19.03.2016;-15860870
20.03.2016;-7435911
21.03.2016;-5914553
22.03.2016;-12827118
23.03.2016;-23164177
24.03.2016;-16962873
25.03.2016;-7422316
26.03.2016;-14661859
27.03.2016;-8565594
28.03.2016;-9503977
29.03.2016;-9969999
30.03.2016;-3098978
31.03.2016;2480005
01.04.2016;17202018
02.04.2016;14441401
03.04.2016;14909256
04.04.2016;15856617
05.04.2016;21244402
06.04.2016;10523761
07.04.2016;14846098
08.04.2016;19336816
09.04.2016;11518208
10.04.2016;20022223
11.04.2016;16924222
12.04.2016;10400671
13.04.2016;17062630
14.04.2016;10158128
15.04.2016;7610039
16.04.2016;14591589
17.04.2016;35497592
18.04.2016;37650699
19.04.2016;30052769
20.04.2016;28086850
21.04.2016;39539926
22.04.2016;34790457
23.04.2016;28702263
24.04.2016;35263736
25.04.2016;25168714
26.04.2016;30043718
27.04.2016;22477735
28.04.2016;37525449
29.04.2016;30703990
30.04.2016;12916294
01.05.2016;9349573
02.05.2016;22749457
03.05.2016;14851837
04.05.2016;24982048
05.05.2016;24041509
06.05.2016;22950705
07.05.2016;23408167
08.05.2016;33611689
09.05.2016;49125624
10.05.2016;47372035
11.05.2016;37587504
12.05.2016;47662649
13.05.2016;41407544
14.05.2016;38192853
15.05.2016;41491280
16.05.2016;45567480
17.05.2016;53151667
18.05.2016;45778829
19.05.2016;43488729
20.05.2016;39243553
21.05.2016;33756347
22.05.2016;43000831
23.05.2016;49349943
24.05.2016;37595639
25.05.2016;54865608
26.05.2016;48951896
27.05.2016;55569330
28.05.2016;61801422
29.05.2016;81254343
30.05.2016;80783701
31.05.2016;91673311
01.06.2016;79638551
02.06.2016;78698515
03.06.2016;78329624
04.06.2016;57189947
05.06.2016;51836975
06.06.2016;56499483
07.06.2016;54620390
08.06.2016;57844159
09.06.2016;66760858
10.06.2016;64138922
11.06.2016;65693996
12.06.2016;60105338
13.06.2016;59889844
14.06.2016;62680909
15.06.2016;66310772
16.06.2016;67353420
17.06.2016;61472258
18.06.2016;62456907
19.06.2016;59394997
20.06.2016;49790584
21.06.2016;55816886
22.06.2016;72108570
23.06.2016;74014508
24.06.2016;81041569
25.06.2016;74015962
26.06.2016;67853784
27.06.2016;78606472
28.06.2016;87878333
29.06.2016;72395348
30.06.2016;83798146
01.07.2016;81150346
02.07.2016;77852505
03.07.2016;81191448
04.07.2016;95199438
05.07.2016;67747457
06.07.2016;72599910
07.07.2016;78954564
08.07.2016;71126713
09.07.2016;69359309
10.07.2016;70762074
11.07.2016;77595073
12.07.2016;92532017
13.07.2016;86823603
14.07.2016;56396219
15.07.2016;70440220
16.07.2016;71644124
17.07.2016;66364195
18.07.2016;88074835
19.07.2016;89760659
20.07.2016;77133643
21.07.2016;95709339
22.07.2016;78961179
23.07.2016;78565487
24.07.2016;68647329
25.07.2016;85333909
26.07.2016;89014242
27.07.2016;74549881
28.07.2016;69581854
29.07.2016;74943113
30.07.2016;61715300
31.07.2016;57949517
01.08.2016;77076557
02.08.2016;47751269
03.08.2016;28988172
04.08.2016;47306150
05.08.2016;59038103
06.08.2016;46273809
07.08.2016;31643067
08.08.2016;24364680
09.08.2016;19373042
10.08.2016;23268039
11.08.2016;14926229
12.08.2016;16258068
13.08.2016;7397325
14.08.2016;5831773
15.08.2016;-157496
16.08.2016;5896183
17.08.2016;7177942
18.08.2016;6922277
19.08.2016;17635833
20.08.2016;-3717314
21.08.2016;9620770
22.08.2016;7052701
23.08.2016;12398260
24.08.2016;4397486
25.08.2016;11341734
26.08.2016;15962949
27.08.2016;15168637
28.08.2016;20253521
29.08.2016;31291189
30.08.2016;24904695
31.08.2016;21450386
01.09.2016;20969394
02.09.2016;16818774
03.09.2016;5036130
04.09.2016;-745506
05.09.2016;38534548
06.09.2016;28925207
07.09.2016;23297745
08.09.2016;19699613
09.09.2016;34337492
10.09.2016;25717987
11.09.2016;23576721
12.09.2016;37922116
13.09.2016;31282382
14.09.2016;24515711
15.09.2016;22539011
16.09.2016;18424369
17.09.2016;-199450
18.09.2016;-3057214
19.09.2016;21780835
20.09.2016;16356600
21.09.2016;12897805
22.09.2016;9718823
23.09.2016;-2896285
24.09.2016;-20712744
25.09.2016;-12963585
26.09.2016;12601445
27.09.2016;-12104732
28.09.2016;-10137835
29.09.2016;-25428348
30.09.2016;-7491392
01.10.2016;-25775881
02.10.2016;-19950607
03.10.2016;-12666465
04.10.2016;-27123114
05.10.2016;-40667942
06.10.2016;-22821897
07.10.2016;-31479366
08.10.2016;-45080146
09.10.2016;-37709152
10.10.2016;-34389956
11.10.2016;-26104909
12.10.2016;-28962027
13.10.2016;-26664878
14.10.2016;-22295373
15.10.2016;-40803506
16.10.2016;-39115032
17.10.2016;-29524823
18.10.2016;-28000865
19.10.2016;-21557936
20.10.2016;-17263791
21.10.2016;-23041518
22.10.2016;-45297872
23.10.2016;-42723762
24.10.2016;-24373740
25.10.2016;-14731011
26.10.2016;-32504377
27.10.2016;-41421117
28.10.2016;-47967762
29.10.2016;-33406950
30.10.2016;-33215351
31.10.2016;-56760386
01.11.2016;-55240123
02.11.2016;-54166023
03.11.2016;-47247625
04.11.2016;-30963042
05.11.2016;-55210572
06.11.2016;-46417257
07.11.2016;-45742927
08.11.2016;-30905180
09.11.2016;-46734481
10.11.2016;-39504508
11.11.2016;-62467170
12.11.2016;-53960563
13.11.2016;-49258282
14.11.2016;-26795796
15.11.2016;-32903959
16.11.2016;-61983967
17.11.2016;-65489905
18.11.2016;-58330376
19.11.2016;-49724703
20.11.2016;-39227972
21.11.2016;-59014146
22.11.2016;-40616694
23.11.2016;-36520337
24.11.2016;-37138936
25.11.2016;-27380796
26.11.2016;-42387500
27.11.2016;-38824998
28.11.2016;-47947258
29.11.2016;-37887087
30.11.2016;-19485648
01.12.2016;-6184601
02.12.2016;-33458747
03.12.2016;-61667381
04.12.2016;-57386200
05.12.2016;-29422153
06.12.2016;-35622119
07.12.2016;-42650267
08.12.2016;-62367570
09.12.2016;-48861419
10.12.2016;-57091811
11.12.2016;-38054989
12.12.2016;-17574765
13.12.2016;-10258880
14.12.2016;-11691427
15.12.2016;-12896535
16.12.2016;-38609540
17.12.2016;-58195099
18.12.2016;-49279876
19.12.2016;-27292233
20.12.2016;-20126399
21.12.2016;-17536716
22.12.2016;-24311164
23.12.2016;-47779121
24.12.2016;-59785731
25.12.2016;-50035567
26.12.2016;-45895548
27.12.2016;-43514306
28.12.2016;-54416504
29.12.2016;-56306194
30.12.2016;-37647584
31.12.2016;-58282074
01.01.2017;-53065671
02.01.2017;-40498121
03.01.2017;-38582196
04.01.2017;-37052070
05.01.2017;-47847077
06.01.2017;-72120108
07.01.2017;-51207133
08.01.2017;-47719910
09.01.2017;-20316654
10.01.2017;-17113928
11.01.2017;-27542860
12.01.2017;-29742630
13.01.2017;-31685741
14.01.2017;-56603725
15.01.2017;-61754338
16.01.2017;-37861406
17.01.2017;-22153382
18.01.2017;-29667986
19.01.2017;-19521219
20.01.2017;-24359665
21.01.2017;-49937624
22.01.2017;-57531506
23.01.2017;-33093338
24.01.2017;-27327905
25.01.2017;-29129178
26.01.2017;-36084037
27.01.2017;-50218083
28.01.2017;-83131108
29.01.2017;-75258227
30.01.2017;-74307969
31.01.2017;-31008403
01.02.2017;-72051942
02.02.2017;-73283165
03.02.2017;-77591928
04.02.2017;-70084064
05.02.2017;-66538522
06.02.2017;-79451343
07.02.2017;-88018713
08.02.2017;-69219510
09.02.2017;-57138468
10.02.2017;-56680559
11.02.2017;-58913149
12.02.2017;-64426449
13.02.2017;-78698849
14.02.2017;-73791385
15.02.2017;-77447853
16.02.2017;-70052897
17.02.2017;-67395249
18.02.2017;-63709199
19.02.2017;-60059400
20.02.2017;-59647578
21.02.2017;-53389200
22.02.2017;-39016781
23.02.2017;-29447869
24.02.2017;-29736558
25.02.2017;-31286762
26.02.2017;-25983136
27.02.2017;-30912147
28.02.2017;-29409541
01.03.2017;-31491329
02.03.2017;-35091827
03.03.2017;-34686566
04.03.2017;-25384973
05.03.2017;-17519900
06.03.2017;-26802663
07.03.2017;-18818726
08.03.2017;-29584202
09.03.2017;-26553110
10.03.2017;-15389884
11.03.2017;-9563355
12.03.2017;-3523374
13.03.2017;-18360721
14.03.2017;9317535
15.03.2017;-8775381
16.03.2017;-10388766
17.03.2017;-8036039
18.03.2017;-10207157
19.03.2017;4806015
20.03.2017;7837318
21.03.2017;30044265
22.03.2017;2121196
23.03.2017;14595871
24.03.2017;15306211
25.03.2017;3065715
26.03.2017;8888125
27.03.2017;5381133
28.03.2017;189941
29.03.2017;13577356
30.03.2017;-965274
31.03.2017;-808479
01.04.2017;11627934
02.04.2017;14132081
03.04.2017;7303001
04.04.2017;-6357328
05.04.2017;-5279961
06.04.2017;-10084341
07.04.2017;622927
08.04.2017;5104228
09.04.2017;10694345
10.04.2017;-812599
11.04.2017;10426067
12.04.2017;7656444
13.04.2017;10599577
14.04.2017;23479012
15.04.2017;8925268
16.04.2017;12310315
17.04.2017;8793312
18.04.2017;16113995
19.04.2017;6015630
20.04.2017;5599165
21.04.2017;24155781
22.04.2017;-4790046
23.04.2017;3861193
24.04.2017;-5298462
25.04.2017;-18731936
26.04.2017;12545155
27.04.2017;25250839
28.04.2017;11012137
29.04.2017;-616544
30.04.2017;9942467
01.05.2017;-12064409
02.05.2017;30606974
03.05.2017;12304072
04.05.2017;-2652832
05.05.2017;-3024249
06.05.2017;-3821428
07.05.2017;10822119
08.05.2017;-8257544
09.05.2017;9062458
10.05.2017;7360586
11.05.2017;5661945
12.05.2017;20093952
13.05.2017;22493374
14.05.2017;36692224
15.05.2017;30360164
16.05.2017;33448785
17.05.2017;44185460
18.05.2017;50774291
19.05.2017;44267394
20.05.2017;49896208
21.05.2017;51563677
22.05.2017;52737110
23.05.2017;46178176
24.05.2017;56344810
25.05.2017;57508516
26.05.2017;66684101
27.05.2017;65158268
28.05.2017;73319692
29.05.2017;97946225
30.05.2017;90437595
31.05.2017;70049665
01.06.2017;73192419
02.06.2017;78035446
03.06.2017;76768243
04.06.2017;59542268
05.06.2017;56015119
06.06.2017;37609754
07.06.2017;30033321
08.06.2017;46360328
09.06.2017;50608279
10.06.2017;49106942
11.06.2017;40956314
12.06.2017;45404882
13.06.2017;62763041
14.06.2017;62746039
15.06.2017;36149092
16.06.2017;35690768
17.06.2017;54341441
18.06.2017;57329388
19.06.2017;67457401
20.06.2017;49970329
21.06.2017;58086598
22.06.2017;39196796
23.06.2017;36702669
24.06.2017;23360509
25.06.2017;39979460
26.06.2017;60866862
27.06.2017;78896288
28.06.2017;67619374
29.06.2017;69172363
30.06.2017;66020777
01.07.2017;52433725
02.07.2017;50420748
03.07.2017;63642477
04.07.2017;66152375
05.07.2017;76528100
06.07.2017;78364563
07.07.2017;75557965
08.07.2017;45971067
09.07.2017;52727424
10.07.2017;101153442
11.07.2017;77915568
12.07.2017;68684176
13.07.2017;62033727
14.07.2017;50330974
15.07.2017;39027953
16.07.2017;43716259
17.07.2017;74532204
18.07.2017;66746262
19.07.2017;61087173
20.07.2017;52554393
21.07.2017;50503695
22.07.2017;49817381
23.07.2017;52797625
24.07.2017;80990502
25.07.2017;47182373
26.07.2017;67032577
27.07.2017;67071647
28.07.2017;52019941
29.07.2017;45726643
30.07.2017;57380523
31.07.2017;89393235
01.08.2017;101779396
02.08.2017;81296286
03.08.2017;60372113
04.08.2017;74827893
05.08.2017;44945563
06.08.2017;49572503
07.08.2017;57287316
08.08.2017;66121333
09.08.2017;91715583
10.08.2017;109256300
11.08.2017;97688134
12.08.2017;43630792
13.08.2017;53078300
14.08.2017;53882823
15.08.2017;35578572
16.08.2017;71795181
17.08.2017;43929131
18.08.2017;55335572
19.08.2017;19256215
20.08.2017;25167684
21.08.2017;34808591
22.08.2017;35471055
23.08.2017;29236020
24.08.2017;32070455
25.08.2017;38136946
26.08.2017;39430393
27.08.2017;21810789
28.08.2017;38168859
29.08.2017;31899767
30.08.2017;20745968
31.08.2017;15475162
01.09.2017;45626427
02.09.2017;52966837
03.09.2017;40411315
04.09.2017;37029963
05.09.2017;21858299
06.09.2017;14785733
07.09.2017;23334117
08.09.2017;13054039
09.09.2017;40041444
10.09.2017;42156791
11.09.2017;20443894
12.09.2017;33149237
13.09.2017;17003559
14.09.2017;13860071
15.09.2017;43326582
16.09.2017;35036533
17.09.2017;16346481
18.09.2017;13357127
19.09.2017;-23405089
20.09.2017;-22738994
21.09.2017;-32740150
22.09.2017;-23511941
23.09.2017;-13077480
24.09.2017;-11782763
25.09.2017;5989714
26.09.2017;3202394
27.09.2017;-19951318
28.09.2017;-16990107
29.09.2017;-34314572
30.09.2017;-27701814
01.10.2017;-15158163
02.10.2017;-26560280
03.10.2017;-13129887
04.10.2017;-10841287
05.10.2017;-5981007
06.10.2017;-9396656
07.10.2017;-20727820
08.10.2017;-20962309
09.10.2017;-9533890
10.10.2017;-865482
11.10.2017;-10199691
12.10.2017;-19199756
13.10.2017;-27408854
14.10.2017;-28305967
15.10.2017;-25643594
16.10.2017;-28172543
17.10.2017;-20906761
18.10.2017;-8498185
19.10.2017;-26182035
20.10.2017;-16636806
21.10.2017;-36302331
22.10.2017;-29900425
23.10.2017;-26526711
24.10.2017;-21374228
25.10.2017;-1568708
26.10.2017;-21458413
27.10.2017;-23967849
28.10.2017;-35300495
29.10.2017;-35242817
30.10.2017;-17792251
31.10.2017;-7779074
01.11.2017;-53679226
02.11.2017;-14818588
03.11.2017;-34449369
04.11.2017;-41213614
05.11.2017;-42057890
06.11.2017;-23739260
07.11.2017;-12739090
08.11.2017;11812526
09.11.2017;16887937
10.11.2017;9542108
11.11.2017;-39221439
12.11.2017;-34148590
13.11.2017;-25194617
14.11.2017;727732
15.11.2017;-1023161
16.11.2017;14154442
17.11.2017;-4230518
18.11.2017;-44254840
19.11.2017;-40725855
20.11.2017;-21918222
21.11.2017;-29381050
22.11.2017;-28695643
23.11.2017;-31582806
24.11.2017;-21087771
25.11.2017;-53869406
26.11.2017;-50694254
27.11.2017;-31609290
28.11.2017;-15288462
29.11.2017;4047611
30.11.2017;-8334206
01.12.2017;-2950389
02.12.2017;-18821820
03.12.2017;-50878821
04.12.2017;-13153696
05.12.2017;-2975395
06.12.2017;175919
07.12.2017;3437269
08.12.2017;-31833801
09.12.2017;-33268065
10.12.2017;-61809509
11.12.2017;-31005817
12.12.2017;10717020
13.12.2017;1742904
14.12.2017;-12260609
15.12.2017;-50998088
16.12.2017;-61302616
17.12.2017;-59708582
18.12.2017;-18730284
19.12.2017;-7385721
20.12.2017;4372645
21.12.2017;-12930554
22.12.2017;-33343325
23.12.2017;-30762022
24.12.2017;-27879402
25.12.2017;-28375268
26.12.2017;-32336707
27.12.2017;-36323141
28.12.2017;-26150406
29.12.2017;-37428982
30.12.2017;-31930619
31.12.2017;-13401298
01.01.2018;-12178416
02.01.2018;-21003179
03.01.2018;-26060820
04.01.2018;-28396425
05.01.2018;-10122652
06.01.2018;-12651085
07.01.2018;-7446114
08.01.2018;-3754414
09.01.2018;-8995361
10.01.2018;-18067705
11.01.2018;-8424054
12.01.2018;-12299624
13.01.2018;-12943550
14.01.2018;-18542257
15.01.2018;-11855056
16.01.2018;-15928109
17.01.2018;-16950847
18.01.2018;-17844722
19.01.2018;-17688593
20.01.2018;-19296020
21.01.2018;-19700914
22.01.2018;-9138151
23.01.2018;-7861262
24.01.2018;-15092453
25.01.2018;-1960666
26.01.2018;-2975924
27.01.2018;-14151965
28.01.2018;-8482672
29.01.2018;12537419
30.01.2018;-2521369
31.01.2018;-8024851
01.02.2018;-6796442
02.02.2018;-15735783
03.02.2018;-20234830
04.02.2018;-22024038
05.02.2018;-5453035
06.02.2018;9215431
07.02.2018;24184079
08.02.2018;12350652
09.02.2018;5914673
10.02.2018;-29736911
11.02.2018;-26118852
12.02.2018;-9499449
13.02.2018;-19299334
14.02.2018;-18858678
15.02.2018;-18640275
16.02.2018;-12974157
17.02.2018;-17145221
18.02.2018;-20687314
19.02.2018;29671851
20.02.2018;-3761285
21.02.2018;-18146540
22.02.2018;-8597515
23.02.2018;6414467
24.02.2018;-10786828
25.02.2018;-8039866
26.02.2018;6463877
27.02.2018;41271503
28.02.2018;48998209
01.03.2018;37446781
02.03.2018;24048629
03.03.2018;9528442
04.03.2018;-9934389
05.03.2018;-10390881
06.03.2018;-28913901
07.03.2018;-33742131
08.03.2018;-36298501
09.03.2018;-30883308
10.03.2018;-35225351
11.03.2018;-31245815
12.03.2018;-32182509
13.03.2018;-21374267
14.03.2018;-35293621
15.03.2018;-22144476
16.03.2018;-37421854
17.03.2018;-29254680
18.03.2018;-27850393
19.03.2018;-41519673
20.03.2018;-29965296
21.03.2018;-41492077
22.03.2018;-23165890
23.03.2018;-32863234
24.03.2018;-29483524
25.03.2018;-20918974
26.03.2018;-31292938
27.03.2018;-20108757
28.03.2018;-17168332
29.03.2018;-18689797
30.03.2018;141418
31.03.2018;-2797229
01.04.2018;-2963848
02.04.2018;-5096601
03.04.2018;-14989067
04.04.2018;-8438597
05.04.2018;-11413317
06.04.2018;-10533023
07.04.2018;2713114
08.04.2018;16084918
09.04.2018;13281712
10.04.2018;12289401
11.04.2018;16291241
12.04.2018;32356097
13.04.2018;18571905
14.04.2018;15329299
15.04.2018;21784792
16.04.2018;24602093
17.04.2018;18868819
18.04.2018;22431959
19.04.2018;32565222
20.04.2018;46883456
21.04.2018;58801620
22.04.2018;66588783
23.04.2018;52495289
24.04.2018;55259394
25.04.2018;51527040
26.04.2018;69847547
27.04.2018;80579057
28.04.2018;79657336
29.04.2018;82554532
30.04.2018;64591503
01.05.2018;39631378
02.05.2018;74269644
03.05.2018;78077422
04.05.2018;73547823
05.05.2018;72474853
06.05.2018;74865526
07.05.2018;86177557
08.05.2018;83751158
09.05.2018;102375021
10.05.2018;77149747
11.05.2018;116376948
12.05.2018;88912416
13.05.2018;70228214
14.05.2018;86449359
15.05.2018;97839777
16.05.2018;75936032
17.05.2018;49173113
18.05.2018;91563056
19.05.2018;83026658
20.05.2018;66400239
21.05.2018;70335534
22.05.2018;97675881
23.05.2018;77591304
24.05.2018;88889264
25.05.2018;97643086
26.05.2018;99351422
27.05.2018;90551730
28.05.2018;101423958
29.05.2018;95519684
30.05.2018;115862418
31.05.2018;94974347
01.06.2018;107563437
02.06.2018;79706877
03.06.2018;73511599
04.06.2018;100013013
05.06.2018;107306662
06.06.2018;79958859
07.06.2018;85025390
08.06.2018;73599207
09.06.2018;76791581
10.06.2018;81572238
11.06.2018;89669398
12.06.2018;75693792
13.06.2018;90402602
14.06.2018;68633707
15.06.2018;81581781
16.06.2018;77784735
17.06.2018;61762845
18.06.2018;62076695
19.06.2018;76363264
20.06.2018;79438228
21.06.2018;46933813
22.06.2018;43341974
23.06.2018;61926299
24.06.2018;79354363
25.06.2018;87182927
26.06.2018;88292812
27.06.2018;71410155
28.06.2018;76879248
29.06.2018;69040686
30.06.2018;58311215
01.07.2018;60596711
02.07.2018;73683991
03.07.2018;81855923
04.07.2018;103544199
05.07.2018;89195056
06.07.2018;70896701
07.07.2018;61497817
08.07.2018;67584611
09.07.2018;73029076
10.07.2018;68976380
11.07.2018;85096178
12.07.2018;68987841
13.07.2018;65854368
14.07.2018;58954766
15.07.2018;66340773
16.07.2018;82906875
17.07.2018;63046948
18.07.2018;55808753
19.07.2018;67771077
20.07.2018;81253729
21.07.2018;87781428
22.07.2018;62718003
23.07.2018;92424794
24.07.2018;99878109
25.07.2018;90086839
26.07.2018;75681045
27.07.2018;64076851
28.07.2018;47312673
29.07.2018;60634167
30.07.2018;88282079
31.07.2018;73861392
01.08.2018;111670294
02.08.2018;108929865
03.08.2018;111609194
04.08.2018;69252868
05.08.2018;63867692
06.08.2018;90063196
07.08.2018;99785987
08.08.2018;55028037
09.08.2018;48399430
10.08.2018;50815867
11.08.2018;47773848
12.08.2018;62096844
13.08.2018;81275990
14.08.2018;53296215
15.08.2018;39128276
16.08.2018;40799224
17.08.2018;48156325
18.08.2018;42636007
19.08.2018;32564728
20.08.2018;61522032
21.08.2018;70145578
22.08.2018;58343399
23.08.2018;46529027
24.08.2018;31174963
25.08.2018;24919289
26.08.2018;33540080
27.08.2018;38924145
28.08.2018;46692840
29.08.2018;29005718
30.08.2018;35887454
31.08.2018;30328982
01.09.2018;22040932
02.09.2018;26983814
03.09.2018;22773767
04.09.2018;32957733
05.09.2018;40079870
06.09.2018;31260317
07.09.2018;20128228
08.09.2018;17842564
09.09.2018;25213629
10.09.2018;24381161
11.09.2018;11033095
12.09.2018;21575971
13.09.2018;40239848
14.09.2018;17618535
15.09.2018;22122177
16.09.2018;9281496
17.09.2018;10363199
18.09.2018;1645686
19.09.2018;11884120
20.09.2018;25610346
21.09.2018;8470628
22.09.2018;6968658
23.09.2018;2763779
24.09.2018;10301877
25.09.2018;8179531
26.09.2018;16140423
27.09.2018;22732704
28.09.2018;-3156017
29.09.2018;-7925729
30.09.2018;-1477192
01.10.2018;6391853
02.10.2018;2228292
03.10.2018;798071
04.10.2018;-10935567
05.10.2018;-16054521
06.10.2018;-10423460
07.10.2018;-15065253
08.10.2018;-2381927
09.10.2018;705221
10.10.2018;-14337204
11.10.2018;-18911743
12.10.2018;-25258384
13.10.2018;-26050649
14.10.2018;-21964464
15.10.2018;-22121283
16.10.2018;-5774514
17.10.2018;-8864555
18.10.2018;-10737572
19.10.2018;-16734883
20.10.2018;-27823231
21.10.2018;-28227505
22.10.2018;-21898892
23.10.2018;-29519677
24.10.2018;-19738866
25.10.2018;-9322894
26.10.2018;-10025906
27.10.2018;-36783883
28.10.2018;-34701809
29.10.2018;6698433
30.10.2018;-7122969
31.10.2018;-3723946
01.11.2018;-40235159
02.11.2018;-18883088
03.11.2018;-106008
04.11.2018;1109383
05.11.2018;3073445
06.11.2018;648519
07.11.2018;2166758
08.11.2018;23337995
09.11.2018;9550889
10.11.2018;3013737
11.11.2018;16309143
12.11.2018;7226465
13.11.2018;-5808666
14.11.2018;-8626078
15.11.2018;-9050097
16.11.2018;-9964192
17.11.2018;-18746169
18.11.2018;-21949333
19.11.2018;-5608837
20.11.2018;19256975
21.11.2018;16429577
22.11.2018;34937947
23.11.2018;23698788
24.11.2018;-12797673
25.11.2018;-22236068
26.11.2018;14386217
27.11.2018;5152233
28.11.2018;-37617065
29.11.2018;-38706352
30.11.2018;-22970265
01.12.2018;-27904424
02.12.2018;-22998685
03.12.2018;-10908103
04.12.2018;-1388651
05.12.2018;-8604690
06.12.2018;-10735090
07.12.2018;-15651299
08.12.2018;-21090642
09.12.2018;-14031428
10.12.2018;63099
11.12.2018;26092143
12.12.2018;42403981
13.12.2018;36756617
14.12.2018;55046327
15.12.2018;-16978089
16.12.2018;-14228998
17.12.2018;14915136
18.12.2018;-16840533
19.12.2018;-27807612
20.12.2018;-13814866
21.12.2018;-22095781
22.12.2018;-6995465
23.12.2018;721907
24.12.2018;2264228
25.12.2018;3203747
26.12.2018;2939069
27.12.2018;18337245
28.12.2018;5765448
29.12.2018;-13430206
30.12.2018;-6597971
31.12.2018;-3132223
01.01.2019;-16910799
02.01.2019;-15260159
03.01.2019;-10328000
04.01.2019;482343
05.01.2019;-21736253
06.01.2019;-25025152
07.01.2019;5829883
08.01.2019;-15919909
09.01.2019;-8787904
10.01.2019;33351777
11.01.2019;8429059
12.01.2019;-30961410
13.01.2019;-29738994
14.01.2019;-6501334
15.01.2019;-3011241
16.01.2019;-7558559
17.01.2019;-13559830
18.01.2019;18732855
19.01.2019;-5888474
20.01.2019;-16782248
21.01.2019;35381980
22.01.2019;21128122
23.01.2019;51642403
24.01.2019;52444703
25.01.2019;21036272
26.01.2019;-30916237
27.01.2019;-27798784
28.01.2019;-2946280
29.01.2019;9079386
30.01.2019;-7843446
31.01.2019;19271130
01.02.2019;5716619
02.02.2019;-37866439
03.02.2019;-42350370
04.02.2019;-20689562
05.02.2019;-7147001
06.02.2019;-17033755
07.02.2019;-27485712
08.02.2019;-33065051
09.02.2019;-34015134
10.02.2019;-28444115
11.02.2019;-11901313
12.02.2019;-14168370
13.02.2019;-11721946
14.02.2019;-3708440
15.02.2019;-9372673
16.02.2019;-20111249
17.02.2019;-14914924
18.02.2019;-7262591
19.02.2019;-5197575
20.02.2019;1827995
21.02.2019;-1049520
22.02.2019;-11269027
23.02.2019;-16133420
24.02.2019;-11256422
25.02.2019;-169541
26.02.2019;1276854
27.02.2019;-4004576
28.02.2019;-15633893
01.03.2019;7314370
02.03.2019;-11709561
03.03.2019;-7841594
04.03.2019;-26068831
05.03.2019;-19456676
06.03.2019;-21311334
07.03.2019;-39849633
08.03.2019;-17704552
09.03.2019;-26699280
10.03.2019;-11371913
11.03.2019;4114486
12.03.2019;-17463111
13.03.2019;-30146875
14.03.2019;-30392613
15.03.2019;-23225198
16.03.2019;-4025681
17.03.2019;2403329
18.03.2019;8822206
19.03.2019;20519841
20.03.2019;5035601
21.03.2019;8634078
22.03.2019;16739687
23.03.2019;348879
24.03.2019;4126095
25.03.2019;-7527880
26.03.2019;-2197800
27.03.2019;7668209
28.03.2019;32865496
29.03.2019;13329361
30.03.2019;3391731
31.03.2019;1851267
01.04.2019;14493103
02.04.2019;10175613
03.04.2019;48743371
04.04.2019;41947183
05.04.2019;40435696
06.04.2019;36977447
07.04.2019;16128705
08.04.2019;24317561
09.04.2019;8248625
10.04.2019;-2931156
11.04.2019;6255940
12.04.2019;9935335
13.04.2019;3073687
14.04.2019;3066590
15.04.2019;9654725
16.04.2019;10379821
17.04.2019;13288140
18.04.2019;13703019
19.04.2019;27864945
20.04.2019;29574828
21.04.2019;38271472
22.04.2019;29712328
23.04.2019;22327460
24.04.2019;31520434
25.04.2019;25935293
26.04.2019;51944538
27.04.2019;39343058
28.04.2019;42282576
29.04.2019;35608151
30.04.2019;42005078
01.05.2019;6086426
02.05.2019;24076287
03.05.2019;30641200
04.05.2019;119557
05.05.2019;3512130
06.05.2019;37926555
07.05.2019;45831559
08.05.2019;10899756
09.05.2019;36172742
10.05.2019;36738331
11.05.2019;12880441
12.05.2019;6278692
13.05.2019;-10992095
14.05.2019;-10860458
15.05.2019;-428489
16.05.2019;23074552
17.05.2019;32689914
18.05.2019;17485233
19.05.2019;20445156
20.05.2019;58988021
21.05.2019;33664376
22.05.2019;41776379
23.05.2019;51157337
24.05.2019;47751913
25.05.2019;53813305
26.05.2019;48118750
27.05.2019;51711967
28.05.2019;61086419
29.05.2019;56360142
30.05.2019;50429694
31.05.2019;65193291
01.06.2019;39205658
02.06.2019;34641332
03.06.2019;43585224
04.06.2019;40209391
05.06.2019;56805895
06.06.2019;48889334
07.06.2019;37919630
08.06.2019;28862376
09.06.2019;46001123
10.06.2019;63613426
11.06.2019;79484517
12.06.2019;77042769
13.06.2019;50161266
14.06.2019;61850167
15.06.2019;53525124
16.06.2019;71489757
17.06.2019;58643400
18.06.2019;59971227
19.06.2019;68545069
20.06.2019;59383281
21.06.2019;65639480
22.06.2019;68025769
23.06.2019;82449761
24.06.2019;77653287
25.06.2019;99092349
26.06.2019;104042473
27.06.2019;83039581
28.06.2019;101358423
29.06.2019;105571160
30.06.2019;102906903
01.07.2019;102900840
02.07.2019;90454193
03.07.2019;95193820
04.07.2019;107864319
05.07.2019;106341169
06.07.2019;92877048
07.07.2019;117719459
08.07.2019;137983496
09.07.2019;136374850
10.07.2019;125859237
11.07.2019;148775290
12.07.2019;123654440
13.07.2019;89919561
14.07.2019;94274299
15.07.2019;114657339
16.07.2019;104572007
17.07.2019;106478746
18.07.2019;97248621
19.07.2019;129265112
20.07.2019;85272526
21.07.2019;93078322
22.07.2019;120213379
23.07.2019;127529661
24.07.2019;138549935
25.07.2019;154374823
26.07.2019;119412997
27.07.2019;67511509
28.07.2019;75296156
29.07.2019;84326048
30.07.2019;98131436
31.07.2019;104779560
01.08.2019;137055363
02.08.2019;130596858
03.08.2019;84719207
04.08.2019;70739177
05.08.2019;87699971
06.08.2019;66948094
07.08.2019;75899255
08.08.2019;68210751
09.08.2019;92252362
10.08.2019;48274866
11.08.2019;68210107
12.08.2019;93006714
13.08.2019;106144049
14.08.2019;92309076
15.08.2019;72373307
16.08.2019;121590287
17.08.2019;87651214
18.08.2019;80954548
19.08.2019;96261786
20.08.2019;116067926
21.08.2019;122642782
22.08.2019;126598675
23.08.2019;139613502
24.08.2019;122547361
25.08.2019;117020294
26.08.2019;134784693
27.08.2019;126740531
28.08.2019;115168726
29.08.2019;100835199
30.08.2019;89304193
31.08.2019;58145336
01.09.2019;48551647
02.09.2019;68067134
03.09.2019;50708337
04.09.2019;61938460
05.09.2019;50495953
06.09.2019;51724729
07.09.2019;59799974
08.09.2019;50494934
09.09.2019;84203568
10.09.2019;37367959
11.09.2019;22299862
12.09.2019;41932473
13.09.2019;41336345
14.09.2019;31031684
15.09.2019;28500421
16.09.2019;98878537
17.09.2019;33758231
18.09.2019;19238865
19.09.2019;46127419
20.09.2019;34336892
21.09.2019;21624873
22.09.2019;19861084
23.09.2019;69275051
24.09.2019;58194912
25.09.2019;65450520
26.09.2019;49405221
27.09.2019;28837162
28.09.2019;13749109
29.09.2019;20933915
30.09.2019;22680647
01.10.2019;22770499
02.10.2019;18382627
03.10.2019;18925202
04.10.2019;7333006
05.10.2019;13130607
06.10.2019;14848194
07.10.2019;50179289
08.10.2019;16923219
09.10.2019;24327848
10.10.2019;25097583
11.10.2019;13746800
12.10.2019;20498229
13.10.2019;25431904
14.10.2019;37751984
15.10.2019;57627181
16.10.2019;35400725
17.10.2019;60733950
18.10.2019;29341125
19.10.2019;29014743
20.10.2019;59870766
21.10.2019;99115788
22.10.2019;92773053
23.10.2019;94315221
24.10.2019;92059066
25.10.2019;80018846
26.10.2019;48969372
27.10.2019;54571571
28.10.2019;59053492
29.10.2019;52328623
30.10.2019;62755366
31.10.2019;41356408
01.11.2019;19696941
02.11.2019;21616268
03.11.2019;38509087
04.11.2019;27467292
05.11.2019;42642468
06.11.2019;65509948
07.11.2019;19144994
08.11.2019;56929522
09.11.2019;10597767
10.11.2019;10547699
11.11.2019;3355719
12.11.2019;36100750
13.11.2019;31016887
14.11.2019;33495843
15.11.2019;51575251
16.11.2019;18048326
17.11.2019;5067733
18.11.2019;55909169
19.11.2019;62804218
20.11.2019;58082269
21.11.2019;46564286
22.11.2019;-880844
23.11.2019;21907549
24.11.2019;14536442
25.11.2019;47135196
26.11.2019;2605966
27.11.2019;-13036269
28.11.2019;-7851096
29.11.2019;7217522
30.11.2019;-508543
01.12.2019;-1104784
02.12.2019;31427769
03.12.2019;33528201
04.12.2019;36043749
05.12.2019;42644149
06.12.2019;25565809
07.12.2019;-1074321
08.12.2019;-3159527
09.12.2019;11166282
10.12.2019;32765567
11.12.2019;45227990
12.12.2019;31627358
13.12.2019;26145533
14.12.2019;-4443073
15.12.2019;5825596
16.12.2019;47752208
17.12.2019;34815765
18.12.2019;9330640
19.12.2019;-2795492
20.12.2019;3163254
21.12.2019;6915671
22.12.2019;12952099
23.12.2019;7266119
24.12.2019;3253282
25.12.2019;10161277
26.12.2019;7246299
27.12.2019;19311614
28.12.2019;-9890636
29.12.2019;-27373035
30.12.2019;-27433177
31.12.2019;-8642738
01.01.2020;-6404981
02.01.2020;19750407
03.01.2020;-12308579
04.01.2020;-15282925
05.01.2020;-11705900
06.01.2020;-23487553
07.01.2020;22766485
08.01.2020;12511491
09.01.2020;44738128
10.01.2020;24733300
11.01.2020;-14676026
12.01.2020;-21023004
13.01.2020;6759159
14.01.2020;15026423
15.01.2020;18823249
16.01.2020;33562098
17.01.2020;4374295
18.01.2020;483922
19.01.2020;-11664584
20.01.2020;25294855
21.01.2020;27775987
22.01.2020;55125001
23.01.2020;48758215
24.01.2020;53896162
25.01.2020;35253604
26.01.2020;-8142073
27.01.2020;8971743
28.01.2020;-2307622
29.01.2020;31661199
30.01.2020;-6362730
31.01.2020;-4010486
01.02.2020;-6150543
02.02.2020;-3556457
03.02.2020;-391779
04.02.2020;-816639
05.02.2020;22096304
06.02.2020;24267217
07.02.2020;18351874
08.02.2020;-1607555
09.02.2020;-969135
10.02.2020;2670996
11.02.2020;-2317912
12.02.2020;3756170
13.02.2020;7606898
14.02.2020;54643097
15.02.2020;4589222
16.02.2020;549628
17.02.2020;18183731
18.02.2020;1551745
19.02.2020;11688651
20.02.2020;15717100
21.02.2020;3753972
22.02.2020;-4660301
23.02.2020;-3189678
24.02.2020;18536415
25.02.2020;5009234
26.02.2020;28079143
27.02.2020;47316503
28.02.2020;5850936
29.02.2020;-8774017
01.03.2020;9171667
02.03.2020;27061738
03.03.2020;52364213
04.03.2020;47809402
05.03.2020;27616337
06.03.2020;36746366
07.03.2020;8525089
08.03.2020;2758930
09.03.2020;43898719
10.03.2020;-5272479
11.03.2020;12294611
12.03.2020;19421024
13.03.2020;14034713
14.03.2020;17467302
15.03.2020;10615914
16.03.2020;26919623
17.03.2020;12890115
18.03.2020;30963520
19.03.2020;50393328
20.03.2020;44955578
21.03.2020;14892090
22.03.2020;13207834
23.03.2020;16851468
24.03.2020;26830474
25.03.2020;28169055
26.03.2020;18521923
27.03.2020;33877333
28.03.2020;8003827
29.03.2020;2382138
30.03.2020;29549172
31.03.2020;31314591
01.04.2020;22303123
02.04.2020;25053994
03.04.2020;42972435
04.04.2020;23645427
05.04.2020;5742636
06.04.2020;21816043
07.04.2020;38863180
08.04.2020;52897257
09.04.2020;52368052
10.04.2020;51826232
11.04.2020;39972176
12.04.2020;38892205
13.04.2020;28166664
14.04.2020;49016123
15.04.2020;39977331
16.04.2020;48497199
17.04.2020;58756945
18.04.2020;35280438
19.04.2020;27116204
20.04.2020;15930653
21.04.2020;13128901
22.04.2020;39479542
23.04.2020;54763820
24.04.2020;50460974
25.04.2020;39341848
26.04.2020;43439518
27.04.2020;51247558
28.04.2020;57576184
29.04.2020;57886202
30.04.2020;27681444
01.05.2020;20674376
02.05.2020;32134929
03.05.2020;45845033
04.05.2020;60502710
05.05.2020;46068224
06.05.2020;50740443
07.05.2020;55065197
08.05.2020;63827826
09.05.2020;61950623
10.05.2020;57888738
11.05.2020;50439441
12.05.2020;75932159
13.05.2020;78229165
14.05.2020;63401303
15.05.2020;57562902
16.05.2020;54364109
17.05.2020;59814787
18.05.2020;63231865
19.05.2020;69108691
20.05.2020;95245140
21.05.2020;78853087
22.05.2020;68501679
23.05.2020;54651186
24.05.2020;60852680
25.05.2020;69849035
26.05.2020;85741607
27.05.2020;72122472
28.05.2020;69568858
29.05.2020;72980495
30.05.2020;42285654
31.05.2020;42053281
01.06.2020;53157580
02.06.2020;77078134
03.06.2020;109640650
04.06.2020;98362589
05.06.2020;44804068
06.06.2020;18113157
07.06.2020;39861961
08.06.2020;69555494
09.06.2020;66640242
10.06.2020;73230284
11.06.2020;35139083
12.06.2020;34149533
13.06.2020;35378012
14.06.2020;43816796
15.06.2020;88798739
16.06.2020;90392417
17.06.2020;65711639
18.06.2020;62896542
19.06.2020;77078094
20.06.2020;44544291
21.06.2020;39278977
22.06.2020;74046841
23.06.2020;82882697
24.06.2020;90606114
25.06.2020;90779753
26.06.2020;84730184
27.06.2020;64248170
28.06.2020;52009707
29.06.2020;70442544
30.06.2020;76453787
01.07.2020;98682138
02.07.2020;110272241
03.07.2020;66422435
04.07.2020;47144229
05.07.2020;47431361
06.07.2020;50595709
07.07.2020;72914397
08.07.2020;102172260
09.07.2020;90383977
10.07.2020;59101507
11.07.2020;41941820
12.07.2020;40473499
13.07.2020;52309442
14.07.2020;69262825
15.07.2020;90411885
16.07.2020;88280303
17.07.2020;50207202
18.07.2020;51686785
19.07.2020;44031092
20.07.2020;59460921
21.07.2020;54276918
22.07.2020;75304855
23.07.2020;77640168
24.07.2020;63691538
25.07.2020;35261889
26.07.2020;40856030
27.07.2020;61685399
28.07.2020;60111142
29.07.2020;79065534
30.07.2020;78980364
31.07.2020;80059210
01.08.2020;34839766
02.08.2020;32360975
03.08.2020;68170418
04.08.2020;52660537
05.08.2020;36449985
06.08.2020;48029762
07.08.2020;65345139
08.08.2020;45552814
09.08.2020;30232790
10.08.2020;65396711
11.08.2020;42150421
12.08.2020;41138867
13.08.2020;76352414
14.08.2020;84608689
15.08.2020;62933337
16.08.2020;48539946
17.08.2020;97134140
18.08.2020;93326820
19.08.2020;67956604
20.08.2020;76756712
21.08.2020;49542623
22.08.2020;35076900
23.08.2020;41234091
24.08.2020;88884516
25.08.2020;60014194
26.08.2020;28681734
27.08.2020;72533685
28.08.2020;53437117
29.08.2020;51509680
30.08.2020;60965711
31.08.2020;113624017
01.09.2020;94736061
02.09.2020;103824609
03.09.2020;56098006
04.09.2020;75730214
05.09.2020;38356813
06.09.2020;36972688
07.09.2020;64845632
08.09.2020;52341730
09.09.2020;52776247
10.09.2020;81625692
11.09.2020;67351437
12.09.2020;35814228
13.09.2020;35251190
14.09.2020;70245977
15.09.2020;94051222
16.09.2020;62929880
17.09.2020;34214361
18.09.2020;13314886
19.09.2020;11851804
20.09.2020;20643923
21.09.2020;54136842
22.09.2020;67251960
23.09.2020;37684365
24.09.2020;41783601
25.09.2020;21649886
26.09.2020;6068786
27.09.2020;16341642
28.09.2020;70396431
29.09.2020;81069438
30.09.2020;55005051
01.10.2020;30284939
02.10.2020;43143560
03.10.2020;74454804
04.10.2020;68966262
05.10.2020;57406882
06.10.2020;57307371
07.10.2020;54280468
08.10.2020;52363186
09.10.2020;69858972
10.10.2020;40955635
11.10.2020;37368313
12.10.2020;67249182
13.10.2020;44080602
14.10.2020;35263943
15.10.2020;43242629
16.10.2020;52966404
17.10.2020;22043056
18.10.2020;11660920
19.10.2020;31717407
20.10.2020;-203221
21.10.2020;1857257
22.10.2020;6664506
23.10.2020;18365673
24.10.2020;17417362
25.10.2020;21550400
26.10.2020;8553596
27.10.2020;11784339
28.10.2020;15907151
29.10.2020;21921557
30.10.2020;27073602
31.10.2020;23010681
01.11.2020;7191813
02.11.2020;18338754
03.11.2020;15628458
04.11.2020;39171267
05.11.2020;14271875
06.11.2020;28553605
07.11.2020;11616288
08.11.2020;15383076
09.11.2020;46115921
10.11.2020;37934813
11.11.2020;41788036
12.11.2020;16515694
13.11.2020;14608886
14.11.2020;739464
15.11.2020;-8922674
16.11.2020;9935499
17.11.2020;-7188407
18.11.2020;-7524334
19.11.2020;8445
20.11.2020;29922845
21.11.2020;-22053280
22.11.2020;-12522449
23.11.2020;29291114
24.11.2020;27351118
25.11.2020;22610512
26.11.2020;52733013
27.11.2020;30551352
28.11.2020;-13783055
29.11.2020;-136918
30.11.2020;6330212
01.12.2020;17031065
02.12.2020;34251826
03.12.2020;3064152
04.12.2020;11574868
05.12.2020;-26375664
06.12.2020;-26652409
07.12.2020;17663668
08.12.2020;-4558313
09.12.2020;13320568
10.12.2020;9314277
11.12.2020;-4372179
12.12.2020;-37486529
13.12.2020;-42893524
14.12.2020;-12307848
15.12.2020;216184
16.12.2020;-3109038
17.12.2020;19277524
18.12.2020;-11587917
19.12.2020;-27716339
20.12.2020;-33126167
21.12.2020;-1762537
22.12.2020;3527047
23.12.2020;-983208
24.12.2020;-10838270
25.12.2020;-8678106
26.12.2020;-27182867
27.12.2020;-23068265
28.12.2020;-15365713
29.12.2020;-18506207
30.12.2020;-20473628
31.12.2020;-31864541
01.01.2021;-21337864
02.01.2021;-26763446
03.01.2021;-30035841
04.01.2021;9492284
05.01.2021;10545223
06.01.2021;-2494351
07.01.2021;43958252
08.01.2021;43167172
09.01.2021;-5122695
10.01.2021;-21272977
11.01.2021;7565127
12.01.2021;23720946
13.01.2021;28295492
14.01.2021;-7431271
15.01.2021;28900622
16.01.2021;-7326214
17.01.2021;-32209349
18.01.2021;7009217
19.01.2021;13836774
20.01.2021;-16335056
21.01.2021;-4587830
22.01.2021;-2166823
23.01.2021;-28547725
24.01.2021;-21465890
25.01.2021;9120970
26.01.2021;20212305
27.01.2021;16516630
28.01.2021;-9355545
29.01.2021;-11434422
30.01.2021;-8187655
31.01.2021;-15428797
01.02.2021;11019950
02.02.2021;-6787386
03.02.2021;1214035
04.02.2021;4345224
05.02.2021;-5166733
06.02.2021;17340950
07.02.2021;4315100
08.02.2021;28205723
09.02.2021;37363336
10.02.2021;34683944
11.02.2021;17726845
12.02.2021;14129153
13.02.2021;9645952
14.02.2021;-18447415
15.02.2021;8163967
16.02.2021;1736188
17.02.2021;-4295004
18.02.2021;-1830544
19.02.2021;-6934169
20.02.2021;-18474929
21.02.2021;-6507827
22.02.2021;1045844
23.02.2021;-10115388
24.02.2021;-4470791
25.02.2021;4981706
26.02.2021;9950640
27.02.2021;-7233089
28.02.2021;-1150096
01.03.2021;21542823
02.03.2021;17607487
03.03.2021;49850495
04.03.2021;38454997
05.03.2021;9038643
06.03.2021;-4062478
07.03.2021;-7055144
08.03.2021;24876914
09.03.2021;33460331
10.03.2021;19267734
11.03.2021;923523
12.03.2021;-3341962
13.03.2021;-17209930
14.03.2021;-21006262
15.03.2021;166996
16.03.2021;8757212
17.03.2021;-6780487
18.03.2021;9969940
19.03.2021;-7321303
20.03.2021;-24859681
21.03.2021;-29796866
22.03.2021;-12190323
23.03.2021;-11200345
24.03.2021;-6194153
25.03.2021;1469298
26.03.2021;4585828
27.03.2021;-1035906
28.03.2021;-4185077
29.03.2021;1981309
30.03.2021;13725332
31.03.2021;26028590
